pdb_posins,pdb_chain,pdb_res,top_res,pdb_pos,perplexity,A,C,D,E,F,G,H,I,K,L,M,N,P,Q,R,S,T,V,W,Y
1,D,E,M,1,1.5042,-5.2957,-7.3385,-5.6803,-5.6740,-6.9746,-4.3408,-6.5607,-6.1920,-6.0579,-6.1061,-0.0666,-6.0978,-5.1708,-6.0238,-6.0264,-4.8702,-5.5443,-5.3541,-8.0763,-7.5603
2,D,V,V,2,1.0294,-9.9005,-12.5308,-12.9891,-8.4790,-11.0706,-11.8553,-13.1954,-5.8036,-10.2556,-9.6578,-8.1744,-11.9790,-12.7019,-9.3196,-11.2168,-14.0464,-9.8915,-0.0039,-12.3778,-12.4573
3,D,Q,Q,3,1.4222,-7.2699,-10.6034,-8.8856,-5.8104,-9.8943,-8.8819,-5.0946,-10.6382,-3.1043,-6.6027,-7.1431,-6.4888,-12.6568,-0.0733,-4.7263,-7.4853,-6.5550,-6.8865,-11.6592,-9.6870
4,D,L,L,4,1.0197,-11.7421,-11.6675,-16.1788,-11.4405,-9.8630,-12.4843,-13.9823,-9.4991,-13.1005,-0.0025,-6.3302,-15.6740,-14.4598,-10.4866,-13.1332,-13.8254,-13.8213,-7.6453,-12.1368,-12.5249
5,D,V,V,5,1.5604,-7.7349,-12.4456,-10.0171,-6.9271,-10.2118,-11.1414,-9.1552,-6.7571,-7.5227,-2.2557,-6.6847,-9.5741,-17.8753,-4.3791,-8.3336,-9.9618,-7.8994,-0.1309,-11.2273,-11.2546
6,D,E,E,6,1.0345,-9.5510,-12.3066,-9.3895,-0.0052,-17.7676,-10.2496,-13.2563,-15.4112,-11.8616,-13.6469,-13.3998,-12.5012,-11.9868,-5.3158,-12.9258,-12.3035,-11.4005,-10.5365,-16.3778,-17.4023
7,D,S,S,7,1.0238,-8.0339,-11.1243,-10.6135,-10.9471,-8.2890,-10.0962,-10.5653,-12.2173,-10.3658,-10.1732,-11.6384,-10.2239,-14.3436,-10.5265,-8.1613,-0.0027,-6.5691,-11.4388,-10.9900,-8.7406
8,D,G,G,8,1.0060,-9.9965,-13.2606,-9.2114,-8.1541,-14.3390,-0.0006,-13.7493,-14.3536,-11.2188,-12.2827,-14.4016,-12.3810,-15.7265,-11.3287,-9.1703,-11.6957,-13.3541,-11.5142,-13.8504,-14.2820
9,D,G,G,9,1.0000,-14.9851,-18.3122,-15.8948,-15.4130,-19.3712,-0.0000,-21.6250,-20.4003,-18.4556,-16.7729,-21.6571,-20.3436,-18.5547,-18.9403,-14.5327,-16.0913,-18.5538,-17.1285,-18.8980,-20.6137
11,D,G,G,11,1.0012,-13.1874,-14.2795,-10.0205,-11.7913,-14.1519,-0.0001,-16.3105,-14.8387,-14.1834,-11.4261,-15.3023,-14.5774,-16.5307,-14.2379,-10.8474,-12.1813,-13.7414,-11.8818,-15.3696,-16.0940
12,D,L,L,12,1.4066,-8.6681,-11.4195,-12.2789,-9.4746,-8.6939,-11.4213,-9.9752,-7.7398,-9.8733,-0.1051,-7.4824,-12.2778,-9.3053,-7.9177,-9.3815,-9.5646,-8.3908,-2.3296,-12.3432,-11.9267
13,D,V,V,13,1.1480,-6.6714,-10.3549,-11.6551,-6.5924,-11.8931,-12.1983,-12.0296,-5.0325,-6.1221,-6.2348,-5.4555,-10.7292,-12.7934,-6.6159,-7.2117,-9.5966,-7.8833,-0.0204,-14.1403,-12.7690
14,D,Q,Q,14,2.5140,-6.6777,-12.2357,-11.4333,-5.8705,-11.0283,-12.7390,-6.9994,-8.0932,-0.7781,-7.7813,-7.5040,-7.1268,-9.6281,-0.7158,-3.3021,-7.3538,-5.1903,-6.3685,-11.7282,-9.9832
15,D,P,P,15,1.0034,-8.8102,-15.4104,-14.8468,-12.6512,-15.5043,-13.2611,-15.3859,-14.4685,-14.2146,-10.6057,-14.6180,-15.5864,-0.0003,-12.8403,-12.6610,-9.1345,-10.7202,-11.3584,-16.6741,-16.3074
16,D,G,G,16,1.0093,-10.5346,-15.9846,-11.4475,-8.7477,-16.1537,-0.0010,-13.3461,-15.9887,-7.6209,-12.4943,-14.1270,-13.3190,-15.5552,-11.3484,-8.2808,-10.9998,-11.2265,-12.5487,-12.6374,-15.9577
17,D,G,G,17,1.0048,-9.2273,-15.4600,-13.6483,-11.2222,-17.8320,-0.0005,-13.9962,-17.0273,-10.6394,-14.6250,-14.8032,-13.0755,-15.9768,-12.2056,-8.0102,-11.2548,-13.1630,-14.2248,-16.2143,-17.9486
18,D,S,S,18,1.0492,-6.8715,-12.2222,-10.0630,-9.1526,-7.0322,-7.2699,-10.7400,-13.1470,-8.8728,-8.2202,-10.5708,-11.7619,-8.5237,-9.1437,-6.7564,-0.0058,-6.8953,-11.5855,-10.8547,-10.0232
19,D,L,L,19,1.0287,-11.5200,-14.6000,-15.1581,-11.4918,-11.9967,-14.1937,-12.1857,-12.9279,-9.2764,-0.0039,-7.7963,-13.2351,-12.3777,-9.0689,-5.7405,-10.5651,-13.6709,-13.6495,-15.0356,-14.6203
20,D,R,R,20,1.1485,-8.2299,-11.4458,-9.9865,-7.6920,-12.1853,-9.4289,-10.6356,-11.3304,-4.5051,-8.8091,-10.1137,-9.7028,-12.7232,-7.2829,-0.0227,-5.3658,-5.3719,-8.6716,-11.5587,-12.3981
21,D,L,L,21,1.0037,-14.2485,-15.9173,-20.6701,-17.9370,-9.9243,-18.1032,-15.8678,-8.6653,-17.6210,-0.0004,-10.1381,-16.9874,-17.7480,-14.5602,-16.0010,-14.4377,-16.2616,-9.2618,-13.8670,-15.7301
22,D,S,S,22,1.0535,-6.2861,-8.7408,-8.9120,-9.5053,-8.5172,-8.3614,-8.5294,-11.1103,-10.1755,-10.8663,-12.8525,-6.9897,-10.9372,-10.2685,-9.1307,-0.0065,-6.2954,-9.9197,-11.0895,-7.4658
23,D,C,C,23,1.0024,-8.6361,-0.0002,-15.2520,-14.4073,-15.8148,-10.5537,-17.4009,-14.4035,-19.2019,-13.4535,-14.7532,-16.8557,-17.6117,-16.4645,-16.6590,-11.6728,-13.0219,-11.1359,-14.6983,-18.9276
24,D,A,A,24,1.6739,-0.1191,-10.0462,-7.6832,-5.3778,-10.4932,-5.3549,-9.2884,-8.6836,-7.1897,-7.9187,-10.7240,-9.3647,-9.6706,-8.0113,-6.5733,-3.4171,-3.0221,-4.0405,-10.0491,-11.7700
25,D,A,A,25,1.3017,-0.0582,-10.5284,-12.1642,-10.7383,-11.2191,-5.5578,-15.6099,-11.6212,-13.3076,-10.2197,-6.8409,-11.6973,-12.3317,-13.0798,-11.1591,-4.9609,-3.1393,-6.7828,-14.3224,-15.6280
26,D,S,S,26,1.0210,-7.6848,-11.6694,-10.1984,-12.0525,-9.6069,-7.9309,-10.8182,-12.0711,-10.3725,-11.4384,-13.0800,-9.3352,-14.2971,-10.7966,-7.5749,-0.0023,-8.5786,-11.2471,-7.8811,-9.7949
27,D,G,G,27,1.0007,-13.2730,-16.4937,-11.7050,-10.4933,-17.0927,-0.0001,-15.5194,-17.3017,-12.8298,-14.7949,-17.1979,-13.9108,-18.7616,-13.2893,-11.1603,-13.7520,-16.0945,-15.1587,-16.5016,-16.4633
28,D,F,F,28,1.0352,-15.4313,-14.5724,-13.7519,-16.3556,-0.0055,-15.1559,-11.4991,-10.8516,-16.5598,-10.0649,-13.1160,-14.2992,-17.4165,-16.8607,-14.9505,-13.3054,-14.3673,-12.2409,-10.2074,-5.2358
29,D,T,T,29,2.5267,-4.4980,-11.0373,-4.9160,-6.7028,-9.1258,-6.0556,-8.3161,-4.1049,-5.5987,-7.7302,-7.4063,-1.9785,-4.6008,-8.2115,-5.6838,-2.9358,-0.2870,-7.4661,-10.3656,-8.5476
30,D,F,F,30,1.0116,-13.8472,-15.5281,-16.7716,-19.1083,-0.0014,-16.8030,-12.0842,-11.6904,-19.8747,-10.9873,-14.4452,-16.2736,-12.7975,-18.5729,-18.3376,-13.7317,-14.6832,-9.6465,-9.1615,-6.7150
35,D,T,S,35,6.1411,-5.4711,-9.8865,-3.1736,-5.1093,-7.9327,-4.2519,-6.3041,-2.7432,-4.2184,-5.4962,-6.0918,-2.2592,-5.7374,-5.9622,-2.2994,-1.0067,-1.3549,-4.6523,-8.3705,-6.0945
36,D,D,S,36,4.3358,-4.0465,-9.3787,-1.2288,-4.7015,-7.9526,-3.8575,-6.1364,-7.8360,-6.1461,-7.8407,-8.2187,-1.7578,-7.1863,-6.4480,-4.2908,-0.8427,-3.4974,-7.3200,-8.0132,-5.6269
37,D,Y,Y,37,1.4992,-8.1413,-7.9745,-6.7418,-10.1492,-2.8615,-12.7153,-3.8175,-11.3549,-8.1881,-9.9848,-11.5219,-5.3328,-13.2151,-9.4773,-8.9764,-5.8459,-8.1500,-10.1822,-6.8616,-0.0950
38,D,T,A,38,9.6481,-1.3775,-5.8915,-1.5470,-2.7039,-4.4759,-2.5525,-4.0042,-5.9129,-4.8889,-4.7695,-7.3288,-2.4809,-5.4556,-4.8920,-3.7650,-2.9824,-2.7640,-4.9232,-4.8537,-2.3979
39,D,M,L,39,2.1463,-9.6247,-10.7160,-10.8992,-9.1802,-5.8740,-12.3099,-8.3247,-3.4359,-12.6292,-0.3301,-1.4504,-9.1005,-13.4909,-7.9530,-11.6157,-10.1158,-8.6594,-4.5822,-8.4275,-9.8279
40,D,D,S,40,2.9051,-2.3610,-7.0786,-4.7796,-6.0514,-9.8631,-5.2375,-4.6363,-7.7072,-8.2444,-8.8394,-7.9350,-1.8131,-10.0148,-4.7991,-7.5438,-0.3860,-3.6674,-8.0515,-10.4034,-8.5740
41,D,W,W,41,1.0052,-11.6019,-11.0332,-12.6562,-11.7099,-8.3129,-12.6008,-10.5644,-12.2824,-14.9566,-10.2165,-11.6218,-12.7097,-15.1212,-13.0497,-10.0749,-12.4969,-12.4105,-10.2508,-0.0005,-10.0055
42,D,V,V,42,1.1448,-13.3550,-13.6814,-18.6305,-15.9959,-14.8518,-16.1003,-16.1841,-3.5075,-17.5964,-10.5085,-12.2803,-15.7287,-20.6394,-16.0358,-16.8215,-15.2246,-11.3023,-0.0305,-15.3228,-16.8289
43,D,R,R,43,1.0029,-12.4137,-10.3983,-14.4391,-11.8914,-15.8877,-12.2165,-11.6887,-14.0352,-9.0432,-12.4179,-12.7401,-12.2928,-16.1911,-10.0532,-0.0003,-11.2034,-12.0544,-13.0930,-11.4944,-17.7428
44,D,Q,Q,44,1.0098,-12.8377,-12.5056,-14.7153,-8.6496,-15.4282,-13.7913,-9.1553,-13.9118,-8.8126,-8.7547,-10.1784,-13.2966,-15.5607,-0.0010,-7.9124,-12.6664,-13.2878,-11.8290,-14.3444,-17.7993
45,D,A,A,45,1.1107,-0.0159,-12.0066,-13.8466,-9.4259,-16.3267,-8.3012,-11.5967,-12.6918,-9.1701,-12.4337,-11.3245,-10.3002,-5.5777,-9.7085,-6.9741,-7.5601,-5.1391,-5.4991,-14.2455,-18.2741
46,D,P,P,46,1.0352,-8.2524,-11.5295,-12.2873,-11.7182,-12.4265,-9.8078,-10.1976,-10.5923,-12.5856,-8.9383,-13.9360,-12.4011,-0.0045,-11.7508,-8.3832,-7.1050,-5.8850,-9.1882,-12.3806,-14.9696
47,D,G,G,47,1.0088,-8.5199,-14.7367,-9.7503,-7.7467,-13.9070,-0.0009,-12.0405,-15.8412,-11.2658,-11.2705,-14.3236,-14.9467,-12.9243,-12.0021,-8.8804,-12.1324,-10.9445,-11.2096,-12.3759,-15.6088
48,D,K,K,48,1.0702,-10.1826,-13.5323,-10.6805,-6.6732,-11.4149,-9.8731,-9.0877,-13.8109,-0.0103,-8.5829,-10.3052,-8.5079,-13.9650,-7.6087,-4.8808,-10.0220,-8.4307,-13.2989,-13.2722,-12.3725
49,D,G,G,49,1.0031,-9.4142,-14.9326,-11.6549,-13.1317,-14.9116,-0.0003,-13.7570,-17.2960,-13.2924,-13.0122,-15.9489,-11.4464,-13.7417,-14.2653,-8.6989,-11.5120,-12.0474,-13.6284,-13.5827,-16.2242
50,D,L,L,50,1.0023,-15.6923,-15.5681,-16.5203,-16.4254,-8.7930,-15.3656,-14.9534,-18.1831,-16.9125,-0.0002,-11.8087,-16.1045,-9.8906,-15.6734,-15.0162,-16.3288,-19.7171,-16.0023,-11.9148,-13.5096
51,D,E,E,51,1.0265,-10.6704,-15.2204,-5.9782,-0.0035,-14.9169,-12.1938,-12.3392,-12.4231,-13.4173,-12.3396,-12.2980,-13.3566,-17.5253,-7.3512,-13.5086,-13.1502,-11.8336,-8.2808,-15.4912,-16.1220
52,D,W,W,52,1.0360,-12.0646,-11.7194,-13.4878,-13.4352,-5.7451,-12.5319,-9.7095,-13.5428,-13.6796,-9.5549,-12.6302,-13.0440,-12.6235,-13.4735,-11.0018,-11.3587,-13.0519,-11.8408,-0.0049,-6.4812
53,D,V,V,53,1.3728,-13.4041,-13.0365,-16.9290,-14.2433,-15.0358,-15.0916,-17.9076,-2.5869,-18.4370,-4.7890,-8.3521,-15.5223,-17.9351,-15.4904,-15.9876,-14.8244,-12.0660,-0.0875,-15.9885,-18.3404
54,D,A,G,54,1.7180,-3.6437,-7.4486,-7.7205,-9.2253,-11.1923,-0.1729,-12.0036,-10.6301,-13.9645,-9.6710,-8.8590,-6.9040,-13.8756,-10.7436,-12.0655,-2.0666,-5.6395,-10.1006,-14.6406,-13.5081
55,D,D,S,55,7.3645,-3.2641,-7.6640,-3.9844,-1.3795,-7.8180,-5.7059,-6.8744,-3.8932,-6.0392,-5.5642,-5.4265,-3.5290,-13.6727,-4.0100,-2.4474,-1.3666,-1.9422,-2.1045,-8.3337,-7.2214
56,D,V,I,56,1.4533,-7.1893,-10.1109,-8.5955,-9.6241,-8.4138,-7.9482,-10.2254,-0.1010,-10.9402,-7.8688,-7.9269,-6.9072,-11.3875,-11.5582,-9.7306,-6.8483,-4.7364,-2.4935,-11.4302,-9.4985
57,D,N,S,57,4.1244,-4.4002,-5.1549,-2.7019,-5.7897,-7.0862,-4.9669,-4.7649,-5.1945,-3.8091,-6.9725,-5.5820,-0.9005,-12.1250,-6.0716,-4.7312,-0.8766,-3.7854,-5.6249,-7.3410,-6.0111
58,D,P,P,58,1.0780,-5.6966,-9.7048,-9.2181,-8.5675,-10.2439,-7.6695,-11.4566,-9.3486,-9.7152,-9.0126,-9.1791,-9.6111,-0.0101,-7.6395,-10.2171,-5.8023,-6.4993,-8.1837,-9.4657,-10.5942
59,D,N,N,59,6.3775,-4.1606,-7.9852,-1.6238,-4.0409,-5.6664,-3.2775,-5.1500,-3.5746,-4.2412,-4.3172,-6.3997,-0.7643,-8.8988,-5.5768,-3.5577,-3.2056,-4.2599,-3.5946,-5.7254,-2.5076
62,D,S,S,62,1.7861,-4.7839,-9.4335,-6.4490,-8.4104,-5.4605,-3.6715,-6.9088,-6.8469,-7.9201,-4.8191,-8.2637,-4.4256,-10.9343,-8.2879,-5.0503,-0.1147,-4.1927,-7.4405,-6.1359,-3.8547
63,D,G,G,63,1.0324,-7.5444,-12.0626,-6.6774,-8.1067,-11.5622,-0.0037,-11.7835,-10.0130,-10.4713,-10.4016,-12.0149,-8.8055,-12.3032,-11.2438,-8.1252,-7.6889,-8.4273,-8.1973,-11.5211,-10.3956
64,D,G,G,64,3.9509,-2.1682,-8.4763,-2.7425,-4.4609,-4.9838,-0.4289,-6.3712,-6.3853,-6.7614,-4.4954,-6.3124,-4.2292,-10.4112,-6.3809,-4.4575,-2.9048,-4.8152,-4.4947,-5.9987,-3.5240
65,D,S,A,65,4.1968,-1.0091,-8.3168,-6.6375,-4.5352,-8.6287,-6.8095,-9.3944,-7.0685,-7.1773,-8.0551,-6.6175,-6.1038,-2.1220,-6.5517,-7.4243,-1.6142,-1.2253,-6.3705,-11.5671,-9.7077
66,D,I,I,66,3.9622,-4.6957,-9.6762,-3.5133,-4.8378,-3.9072,-4.7860,-5.6453,-0.3800,-5.4140,-3.8386,-6.0424,-3.1033,-7.9621,-6.1696,-4.7555,-2.6479,-3.0176,-4.2348,-6.9045,-4.0304
67,D,Y,Y,67,5.3582,-4.9505,-5.5894,-2.6380,-3.7298,-3.6795,-4.0518,-3.5806,-4.0458,-4.5266,-3.2448,-4.9127,-3.4070,-8.7639,-3.7819,-5.9797,-2.9268,-4.3896,-4.1639,-7.2929,-0.4980
68,D,N,N,68,3.1425,-0.9541,-7.3686,-4.4097,-6.6089,-8.4342,-4.2967,-4.6360,-9.4858,-6.6000,-6.2826,-8.4325,-0.6693,-6.7552,-7.4634,-5.7133,-3.2171,-4.4343,-5.5063,-10.9063,-7.5500
69,D,Q,P,69,3.3736,-3.0425,-11.0981,-6.0606,-3.6117,-8.8098,-3.5033,-7.2545,-8.0036,-6.1840,-5.3409,-8.4808,-6.6362,-0.3521,-2.4244,-3.3339,-3.4668,-5.0616,-4.0098,-10.2681,-8.9988
70,D,R,K,70,2.4345,-5.5889,-12.1384,-6.6432,-5.9288,-8.5754,-6.6723,-6.1728,-7.3698,-0.3220,-6.9361,-6.1080,-3.3054,-9.0015,-5.9491,-1.6122,-4.9949,-4.4113,-6.2428,-10.2668,-7.6104
71,D,F,F,71,1.2118,-10.8618,-12.0889,-13.6131,-15.1412,-0.0360,-12.3901,-11.2550,-6.9163,-13.7273,-4.0204,-7.4448,-10.7275,-13.3376,-14.4088,-12.4567,-11.0727,-9.6335,-4.3084,-6.2161,-8.3455
72,D,K,K,72,3.0908,-4.6810,-12.8588,-7.0372,-5.0253,-8.0974,-9.0468,-7.1634,-4.4508,-0.4048,-4.3575,-4.1417,-5.4529,-11.1363,-4.2543,-1.5602,-6.5471,-3.9255,-3.7149,-7.9997,-8.7928
74,D,G,G,74,1.1670,-6.0026,-11.7907,-3.8768,-6.6738,-10.7790,-0.0281,-9.8629,-12.8968,-10.2015,-11.1500,-12.0077,-7.1303,-11.9962,-9.8718,-8.2653,-6.4553,-8.8293,-8.4728,-10.4881,-11.3829
75,D,R,R,75,1.1507,-11.0834,-14.0280,-11.7722,-11.0507,-11.4503,-12.9517,-7.1124,-13.5635,-3.6702,-8.7920,-10.6100,-9.3558,-14.3080,-7.5348,-0.0283,-8.5375,-8.0560,-12.6380,-8.3228,-10.8407
76,D,F,F,76,1.0476,-5.6571,-11.2013,-13.1720,-12.1604,-0.0064,-9.2185,-11.2958,-11.3238,-16.8228,-6.2601,-10.0693,-13.5413,-13.9265,-13.0703,-15.7352,-10.3110,-12.0240,-7.4589,-10.1124,-8.7695
77,D,T,T,77,1.6015,-3.6004,-13.4208,-6.9824,-6.7275,-7.0079,-7.8559,-10.1399,-4.9764,-8.1631,-7.2566,-7.0117,-7.8187,-12.7391,-8.3145,-6.8005,-2.9802,-0.1059,-4.7890,-10.8898,-9.5440
78,D,L,F,78,4.5324,-2.8234,-6.7650,-8.2604,-5.7102,-0.6124,-2.9893,-6.1003,-3.5761,-8.1960,-1.7712,-2.2513,-6.9021,-8.7403,-5.6921,-9.1827,-5.2527,-4.9303,-3.9814,-8.5203,-6.4242
79,D,S,S,79,2.0959,-3.8288,-10.9099,-7.5101,-6.1113,-6.0272,-6.1021,-7.3674,-6.5272,-6.2105,-5.2555,-6.9165,-5.8289,-10.8021,-5.8444,-4.8213,-0.2106,-2.0503,-5.0565,-9.2407,-6.5958
80,D,V,V,80,1.8018,-3.2778,-9.4765,-7.9483,-7.9406,-10.5428,-9.1033,-11.4816,-6.8674,-7.8198,-7.7249,-8.2611,-7.8244,-9.3887,-11.3935,-4.7679,-6.1278,-2.2423,-0.1722,-10.2589,-11.3233
81,D,D,D,81,1.5459,-5.5278,-12.0549,-0.1142,-2.4393,-8.7501,-9.1278,-5.6919,-7.6710,-8.8007,-6.8717,-9.3730,-6.6375,-11.0301,-6.6482,-8.8333,-8.1051,-7.7820,-4.9127,-10.9176,-7.6269
82,D,R,T,82,4.2721,-2.7538,-9.7186,-5.9688,-4.4253,-9.4407,-4.6174,-10.0417,-4.2421,-2.8330,-8.5454,-6.0258,-5.2313,-4.6294,-4.9577,-3.9742,-1.5941,-0.5649,-3.7638,-10.0728,-8.3708
83,D,S,S,83,1.2127,-4.7547,-12.2663,-6.6799,-9.1289,-5.9426,-5.9106,-8.5176,-8.9574,-9.4644,-7.4489,-8.8020,-6.8158,-9.2840,-9.3179,-6.0265,-0.0293,-5.6538,-8.0553,-8.1989,-5.3793
84,D,K,K,84,2.1923,-6.9126,-10.7291,-8.2936,-4.6159,-7.5446,-8.5143,-7.3975,-2.6923,-0.1916,-6.5539,-5.5749,-5.0461,-14.8707,-4.5603,-3.1416,-5.2483,-4.7700,-4.2127,-9.4543,-8.4729
85,D,N,N,85,2.3796,-4.2001,-8.7832,-4.2576,-5.9012,-7.9950,-5.5531,-6.4128,-9.1431,-5.1621,-8.5915,-8.0626,-0.2971,-10.1849,-5.9955,-5.1943,-1.6756,-4.1414,-7.2393,-8.0618,-7.3699
86,D,T,T,86,1.1560,-7.5494,-11.6141,-11.2661,-9.1843,-12.2272,-12.9334,-11.5919,-4.1724,-10.8642,-8.4482,-6.6308,-9.2972,-17.8059,-9.1198,-9.2509,-5.2385,-0.0250,-6.5287,-12.8489,-12.7963
87,D,L,L,87,5.7514,-1.6373,-6.6941,-4.5262,-3.9764,-5.9453,-4.1242,-8.5168,-2.2703,-7.5126,-0.9524,-3.0954,-5.4499,-9.4566,-5.9929,-7.9696,-5.7243,-3.8034,-1.6792,-8.3064,-6.6782
88,D,Y,Y,88,1.7298,-7.7760,-8.6266,-7.0725,-9.2366,-2.2153,-8.7963,-5.0922,-7.6665,-10.4545,-6.9847,-9.2670,-5.3988,-14.6508,-9.4307,-8.9182,-4.0474,-6.7622,-7.5694,-6.5890,-0.1552
89,D,L,L,89,1.0174,-11.1141,-12.4756,-14.7311,-10.8119,-10.8839,-11.8204,-14.8073,-9.4471,-16.1981,-0.0022,-6.4499,-15.4053,-16.3787,-10.7166,-14.6014,-13.1293,-13.0923,-7.8279,-14.3969,-15.6614
90,D,Q,Q,90,1.2289,-8.3867,-11.7557,-6.5192,-4.2106,-9.6320,-8.2587,-4.2680,-9.0168,-6.9701,-7.9524,-9.5261,-7.2306,-12.8309,-0.0362,-6.7151,-7.8249,-7.4945,-8.7068,-10.2656,-9.1996
91,D,M,M,91,1.0732,-7.2458,-10.6063,-15.7372,-13.1317,-9.8677,-9.9243,-18.6944,-5.8664,-16.4985,-5.3832,-0.0103,-15.0146,-14.3881,-13.4336,-15.1091,-11.0797,-10.4974,-6.2426,-13.8106,-18.3306
92,D,N,N,92,1.4967,-6.6115,-12.2084,-4.7493,-8.4343,-7.5222,-7.2117,-6.3517,-6.9944,-5.4946,-8.3197,-7.8621,-0.0796,-13.3737,-8.3054,-5.2407,-3.4513,-3.9478,-7.7669,-10.1155,-7.4683
93,D,S,S,93,2.6689,-4.5459,-8.5714,-4.8952,-6.0999,-6.1790,-3.9058,-6.7926,-6.3011,-6.9650,-5.5722,-6.7857,-2.4717,-7.3023,-6.5104,-3.2422,-0.2627,-3.0483,-5.9700,-6.7793,-5.9226
94,D,L,L,94,1.0053,-11.7186,-13.7488,-15.7037,-13.3682,-13.1548,-12.8496,-15.4777,-11.1822,-13.3043,-0.0005,-8.4948,-14.5718,-11.3300,-12.4601,-12.6152,-13.3746,-13.1852,-8.1709,-15.4953,-17.0068
95,D,R,R,95,1.3129,-6.1094,-9.5467,-8.7127,-8.2650,-10.2619,-4.8281,-8.1972,-7.2771,-4.1936,-7.7868,-8.0851,-7.1693,-10.0863,-6.4821,-0.0476,-6.4608,-4.2749,-6.9651,-9.1670,-9.4052
96,D,A,A,96,2.0141,-0.1681,-8.5935,-5.0225,-5.6411,-5.3303,-3.1543,-8.3813,-6.1205,-9.9720,-5.7614,-6.7403,-8.4834,-5.2562,-7.3691,-7.2854,-5.3689,-4.6206,-2.6963,-7.7661,-6.9634
97,D,E,E,97,1.2322,-5.9809,-12.4037,-3.7188,-0.0404,-12.7985,-4.5407,-12.3205,-11.6993,-9.9531,-11.5348,-10.2825,-9.7266,-9.1977,-6.6414,-10.6612,-8.4827,-10.3684,-8.0863,-14.8031,-12.8180
98,D,D,D,98,1.0018,-14.6276,-17.2287,-0.0002,-8.8218,-15.6437,-14.7820,-12.0730,-16.9634,-18.9561,-16.7035,-14.9482,-11.0971,-19.0826,-15.7051,-19.3229,-16.3930,-15.5212,-14.4772,-18.4370,-15.2449
99,D,T,T,99,1.2497,-6.5794,-11.2786,-10.5791,-6.7465,-11.0414,-8.2821,-14.3708,-11.7621,-11.7169,-10.2343,-7.3685,-11.8285,-14.3287,-9.3389,-11.0208,-3.0320,-0.0533,-12.1587,-14.1828,-13.8504
100,D,A,A,100,1.0030,-0.0003,-11.6433,-12.0273,-14.7767,-15.6938,-11.3982,-18.0297,-17.5231,-18.0670,-15.9992,-14.0371,-14.5712,-17.1511,-18.5912,-17.3438,-8.6111,-10.6327,-9.7948,-19.4270,-17.0082
101,D,V,V,101,1.4301,-7.9473,-11.1491,-9.2263,-9.6863,-6.1996,-10.1801,-10.6738,-3.8961,-8.6142,-3.1850,-5.0475,-10.2841,-14.2976,-9.8892,-6.3571,-9.5877,-7.0773,-0.0772,-7.5474,-9.0095
102,D,Y,Y,102,1.0544,-13.0968,-10.0001,-12.4354,-15.1059,-4.7758,-14.7045,-8.5096,-10.7723,-14.7970,-9.8372,-12.5958,-11.3684,-16.6630,-14.3951,-13.6403,-12.0153,-13.5147,-10.1101,-11.0639,-0.0089
103,D,Y,Y,103,1.4707,-12.2186,-9.2115,-9.9439,-11.7947,-2.2526,-12.3885,-4.9934,-10.9692,-12.8773,-8.7035,-12.1510,-9.2651,-16.3759,-11.6991,-11.5816,-9.4106,-11.9352,-10.0589,-7.8477,-0.1198
104,D,C,C,104,1.0050,-8.6287,-0.0005,-14.9108,-15.9012,-12.4494,-8.8427,-15.5038,-14.0450,-17.7064,-15.0583,-13.4912,-13.2207,-14.4895,-15.3857,-16.1750,-8.8236,-11.5258,-12.1480,-12.9385,-15.0682
105,D,A,A,105,1.1090,-0.0152,-8.4220,-9.9302,-9.4229,-11.1378,-6.0029,-11.0801,-11.0107,-10.0110,-9.2164,-9.0564,-8.2125,-11.8119,-9.9945,-9.9413,-5.6449,-5.4850,-5.5496,-13.7352,-12.3736
106,D,R,R,106,1.1775,-8.9542,-10.5662,-13.2521,-10.4090,-13.6373,-7.9985,-11.5098,-7.3543,-3.7348,-8.4700,-7.9812,-8.0321,-13.4431,-7.7873,-0.0307,-7.5608,-5.8760,-7.5045,-11.0723,-12.8602
107,D,N,T,107,8.1431,-1.6333,-4.3301,-3.1987,-3.4408,-7.1679,-3.3388,-6.1447,-6.2951,-5.6100,-5.0258,-5.2985,-2.5775,-8.5940,-4.6916,-3.4835,-2.3110,-1.3189,-1.7235,-6.7848,-6.8698
108,D,L,Y,108,11.4038,-4.5130,-5.7135,-4.6964,-4.9331,-2.5306,-4.3346,-4.1689,-3.5844,-4.6030,-2.4245,-3.5969,-3.7637,-8.4922,-4.3196,-2.7933,-3.2789,-2.6728,-1.9124,-2.0867,-1.4653
109,D,G,R,109,14.4721,-2.2822,-7.1893,-2.9221,-3.6976,-3.7513,-2.3309,-4.4854,-4.5481,-4.2634,-2.6740,-4.1478,-3.5807,-2.1753,-3.7131,-1.7549,-2.9475,-2.9719,-2.9801,-3.5180,-2.9130
110,D,P,W,110,12.0433,-3.6397,-7.3999,-2.9237,-3.9915,-3.6864,-3.2805,-3.4664,-4.3356,-5.0609,-4.1618,-5.2689,-2.6460,-3.0812,-4.3038,-2.6440,-2.5407,-3.1084,-3.4948,-1.3213,-1.9324
112,D,S,R,112,12.8833,-2.9962,-7.2630,-3.3662,-3.3321,-3.3637,-4.2297,-3.6642,-5.4686,-3.4786,-2.6459,-4.3167,-3.1265,-5.7392,-3.2640,-1.7330,-2.0397,-1.9610,-4.3826,-3.8189,-2.1401
113,D,F,Y,113,8.3085,-3.4396,-6.8364,-2.7472,-4.3530,-2.3871,-3.3711,-2.9289,-6.0736,-5.6663,-3.2682,-5.8777,-2.7335,-5.1665,-5.3091,-3.5400,-3.5191,-4.7886,-5.2489,-2.3145,-0.8750
114,D,Y,Y,114,2.1484,-7.1042,-9.3383,-6.7514,-7.3581,-2.2440,-9.3985,-3.1239,-9.5708,-9.7102,-6.9423,-9.6349,-7.4682,-8.4415,-8.5978,-8.0816,-7.1264,-9.0924,-7.5323,-2.9505,-0.2345
115,D,F,F,115,2.5154,-5.8709,-6.5843,-7.4981,-7.2426,-0.3079,-7.2899,-5.8053,-7.4109,-7.4746,-4.3667,-1.8420,-5.3821,-9.7369,-6.9746,-6.9518,-5.0297,-6.2473,-6.7576,-6.1247,-2.7319
116,D,D,D,116,1.0198,-7.8358,-13.1855,-0.0021,-7.5883,-13.0103,-8.3805,-8.7077,-12.6762,-11.2243,-12.1108,-12.4245,-7.7505,-10.6809,-8.9039,-11.1395,-9.2159,-10.2705,-10.3397,-13.7291,-10.5266
117,D,Y,Y,117,1.6240,-6.9690,-7.6729,-5.8199,-10.7973,-3.6759,-11.1717,-4.9678,-7.6599,-11.3125,-8.1017,-9.5967,-4.6607,-4.3905,-10.7917,-11.3834,-4.6961,-7.6316,-3.8095,-7.2472,-0.0964
118,D,W,W,118,1.0009,-14.1938,-13.5210,-14.7303,-15.0625,-9.9768,-14.8193,-13.3408,-15.8713,-16.2261,-13.3412,-13.2271,-14.4223,-17.4487,-15.3853,-14.8598,-13.5426,-15.2280,-13.1611,-0.0001,-11.1822
119,D,G,G,119,1.0084,-8.3025,-12.2445,-9.2954,-10.9733,-16.3493,-0.0009,-15.4140,-17.4226,-15.3065,-15.8883,-14.2252,-12.4608,-15.9964,-13.9472,-13.6337,-7.4897,-13.9156,-14.6354,-16.3145,-17.6259
120,D,Q,Q,120,1.1335,-9.6399,-12.5125,-9.4732,-7.0815,-11.3573,-9.5527,-6.0194,-10.4451,-6.1111,-5.8734,-8.2008,-9.1768,-6.4811,-0.0188,-4.8298,-10.3740,-9.8054,-9.6480,-11.2942,-10.3461
121,D,G,G,121,1.0001,-12.8070,-16.3305,-14.6133,-14.7998,-19.2960,-0.0000,-17.9872,-20.5609,-15.7509,-16.4200,-18.2094,-16.2063,-16.4886,-17.0617,-13.9939,-14.1922,-17.5240,-15.2475,-16.8164,-18.6094
122,D,T,T,122,1.4598,-2.6827,-11.1181,-10.7727,-8.6792,-13.1855,-8.5011,-13.0179,-8.8834,-9.9614,-12.2771,-10.7792,-8.9480,-11.6769,-10.2116,-10.7667,-3.7300,-0.0991,-6.7271,-14.2186,-13.8284
123,D,L,L,123,1.3502,-7.1513,-9.8922,-8.9575,-6.2754,-7.6277,-9.1399,-8.7684,-8.4921,-7.3148,-0.0524,-4.6662,-9.9606,-5.1619,-3.9700,-6.6618,-7.4252,-5.2758,-5.2259,-8.8247,-9.7551
124,D,V,V,124,1.0242,-11.8899,-14.0301,-17.1325,-14.5367,-13.4555,-13.6800,-15.3035,-6.4395,-14.6645,-6.4914,-11.6928,-15.5705,-15.6422,-14.7925,-14.5079,-15.4261,-10.3209,-0.0032,-15.9738,-14.8249
125,D,T,T,125,1.0986,-8.6816,-11.0855,-13.2559,-10.2321,-12.4184,-12.6742,-12.8386,-4.6493,-9.5469,-10.2537,-9.9032,-9.5499,-11.7652,-9.5113,-9.6973,-6.9826,-0.0152,-5.5173,-13.7759,-12.0178
126,D,V,V,126,1.0115,-10.3958,-12.6121,-16.2230,-14.6849,-15.1106,-15.1065,-17.0233,-6.6925,-15.3152,-12.6214,-12.2234,-14.2782,-13.4687,-15.4856,-13.8460,-12.0114,-8.9751,-0.0014,-16.6610,-15.7524
127,D,S,S,127,1.0147,-8.3890,-10.5758,-8.7665,-12.4250,-11.8754,-10.4983,-12.9810,-11.2012,-11.3560,-10.2646,-11.7386,-9.4009,-11.4100,-12.3648,-10.7296,-0.0016,-6.9244,-11.1704,-15.7130,-12.9568
128,D,S,S,128,1.4455,-3.4196,-8.1292,-6.2528,-7.6205,-8.3624,-4.5256,-8.3260,-9.0162,-7.5447,-8.8277,-8.5204,-6.5825,-4.4302,-6.8920,-5.7021,-0.0713,-6.1596,-7.2354,-9.9483,-7.4693
129,D,A,A,129,3.9546,-0.6092,-6.3897,-4.6295,-5.7139,-7.8064,-4.1732,-6.4921,-7.1127,-6.5451,-8.4839,-7.0633,-5.2871,-7.2102,-5.1938,-6.6596,-1.9157,-1.7046,-2.5523,-10.6893,-6.7341
130,D,S,A,130,5.5381,-0.7453,-6.9932,-2.3350,-4.3693,-6.9378,-3.8786,-6.9709,-4.9533,-5.8607,-6.0350,-5.9497,-4.3084,-3.1443,-3.4769,-4.9366,-1.5210,-3.4009,-3.5094,-9.8121,-6.8205
131,D,T,V,131,3.6636,-4.1801,-7.6231,-5.2896,-5.2492,-7.2877,-7.1990,-7.4218,-1.3768,-6.5056,-3.2389,-5.7446,-5.1749,-4.1766,-4.4016,-5.7484,-4.0166,-3.5715,-0.5251,-9.9472,-6.5150
132,D,K,V,132,4.8818,-3.3449,-7.1626,-5.6623,-4.9610,-5.1259,-7.8365,-5.1893,-1.6069,-4.6168,-3.8805,-5.7927,-3.7486,-7.8154,-2.9055,-5.9478,-3.8965,-3.0844,-0.6061,-8.9382,-4.2320
133,D,G,A,133,4.8339,-0.6642,-5.7512,-4.2862,-4.7319,-6.8328,-1.5540,-7.7673,-4.9840,-7.3012,-5.5504,-5.5116,-4.7586,-2.8375,-3.3883,-5.7578,-2.3697,-5.3856,-3.5658,-9.0622,-7.2696
134,D,P,P,134,7.1497,-1.7149,-5.4317,-5.5342,-6.1062,-1.7558,-4.4980,-6.7106,-4.0458,-9.3240,-3.0853,-3.2823,-5.9104,-1.3788,-6.3089,-8.3354,-4.1882,-5.3465,-1.4964,-4.9649,-4.1360
135,D,S,V,135,9.5331,-2.8685,-7.1499,-4.0819,-3.5393,-3.6275,-4.1801,-4.7399,-2.8826,-4.9032,-4.1528,-4.1084,-5.0993,-8.1113,-2.0845,-4.2539,-1.9944,-2.3264,-1.1185,-4.4511,-3.4058
136,D,V,W,136,11.6167,-2.7645,-2.4516,-5.8131,-4.0745,-4.2209,-3.4409,-7.8595,-3.5291,-7.1835,-2.6253,-2.7968,-6.3059,-2.5792,-2.3840,-4.9813,-2.5510,-4.4300,-2.0072,-1.5362,-5.5066
137,D,F,S,137,4.6895,-3.3912,-6.3497,-5.4950,-5.2662,-2.6174,-4.9412,-3.1865,-4.0921,-6.3903,-4.5983,-5.2784,-4.1856,-7.1512,-4.2379,-7.7850,-0.4924,-2.2505,-4.1987,-8.7647,-3.2753
138,D,P,P,138,2.1389,-4.4822,-4.9322,-8.6453,-5.9807,-7.8136,-3.6913,-7.1094,-6.4505,-7.5766,-6.4025,-5.7392,-5.3778,-0.1688,-2.8479,-6.9535,-5.0370,-4.3378,-4.3080,-5.8174,-6.5444
139,D,L,L,139,1.3314,-5.3815,-7.1136,-9.1444,-8.2901,-9.2167,-9.4584,-10.2259,-6.6624,-10.2992,-0.0508,-4.1359,-4.2619,-10.7705,-5.1077,-8.8852,-5.4292,-8.4606,-6.6616,-9.5895,-11.7288
140,D,A,T,140,3.0990,-2.6601,-8.2438,-7.8806,-5.6753,-10.4037,-6.2670,-8.4971,-6.3335,-4.7975,-6.7043,-6.2245,-3.6197,-7.5952,-4.7513,-5.5861,-1.3719,-0.4896,-5.4308,-12.0492,-9.9817
141,D,P,P,141,3.4345,-3.4958,-6.8265,-8.7397,-5.6832,-6.5995,-6.6401,-5.6782,-8.0736,-5.5193,-2.0932,-6.4634,-6.3393,-0.3987,-3.7369,-2.3837,-4.0045,-4.5928,-4.6224,-6.4316,-6.9120
142,D,S,G,142,5.3411,-2.0247,-8.6981,-6.5273,-6.6253,-6.7005,-1.1517,-7.7081,-7.8179,-5.0255,-3.0933,-7.7115,-6.5884,-3.3177,-6.9552,-4.4884,-1.1522,-2.0797,-5.6874,-9.1418,-8.2610
143,D,S,S,143,7.3882,-1.3598,-5.7706,-6.0255,-5.3123,-4.9229,-4.1620,-7.5293,-3.1401,-4.9848,-2.6024,-5.3166,-5.6064,-2.8398,-5.4694,-4.7771,-1.2303,-2.2168,-2.2797,-6.9203,-6.8126
144,D,K,S,144,11.5842,-3.2152,-2.7085,-2.9550,-3.6988,-4.1951,-2.5458,-3.9865,-4.4755,-3.4498,-3.9199,-5.4442,-3.5845,-6.3721,-1.7165,-3.2025,-1.4378,-3.0688,-2.3456,-7.8396,-4.9469
145,D,S,A,145,3.2066,-0.4220,-6.6805,-2.5910,-7.2789,-5.3275,-3.1220,-5.6328,-7.3442,-7.7189,-5.9227,-7.5992,-3.5556,-8.8616,-6.9861,-7.3462,-1.7677,-5.1262,-6.7611,-9.5403,-6.0167
146,D,T,T,146,8.6694,-2.9611,-7.4335,-2.1690,-3.5258,-3.9163,-4.9669,-4.6424,-6.2667,-3.0547,-2.3706,-3.7976,-4.1246,-5.4102,-3.4594,-4.5526,-1.4210,-1.2704,-6.4635,-6.0953,-4.2766
147,D,S,S,147,5.6069,-2.7356,-6.8883,-1.4059,-5.1953,-6.3616,-4.3688,-7.6259,-4.2347,-6.0447,-4.8296,-5.8096,-2.5794,-7.4674,-5.5404,-5.6624,-0.9265,-1.9290,-4.4580,-7.2383,-5.6931
148,D,G,T,148,6.1361,-2.4055,-10.2011,-3.2769,-5.5036,-5.2055,-1.1505,-6.2481,-4.7666,-3.8722,-6.1087,-5.7466,-5.1405,-7.6896,-6.1173,-3.4776,-2.1821,-1.1302,-6.7553,-6.3505,-3.4667
149,D,G,G,149,2.3908,-3.4022,-8.6056,-5.0513,-5.6609,-6.5927,-0.2266,-6.6138,-4.9535,-5.1561,-5.5772,-7.3965,-4.8997,-8.2610,-6.6108,-4.7068,-2.2927,-4.1315,-5.9990,-7.2419,-6.7626
150,D,T,I,150,11.2452,-5.5024,-8.7984,-5.0530,-4.0312,-2.3762,-7.0774,-3.2859,-1.4078,-2.5503,-2.3388,-3.8982,-2.5633,-9.6550,-4.4243,-2.8272,-3.1208,-2.0395,-3.7361,-4.6702,-3.0938
151,D,A,S,151,4.2719,-1.3237,-8.6500,-6.3907,-5.0323,-5.6934,-7.5748,-6.5993,-5.5202,-5.6193,-5.9401,-7.5379,-6.8402,-6.8308,-6.3928,-6.9838,-0.8529,-2.0659,-1.9092,-10.1851,-5.6389
152,D,A,V,152,8.2903,-1.9564,-6.5776,-5.8086,-4.6876,-4.3074,-5.6628,-4.5354,-3.5646,-4.0823,-3.7125,-2.5172,-3.8480,-9.6271,-4.4970,-5.1079,-1.6648,-1.6572,-1.4223,-6.0057,-5.3010
153,D,L,G,153,6.6599,-3.3793,-5.8069,-7.1838,-7.5485,-1.7783,-1.0647,-5.5854,-4.3744,-7.1729,-1.6249,-4.4579,-5.3208,-11.3711,-8.0244,-5.7110,-2.1544,-3.1141,-4.7996,-5.0620,-3.2513
154,D,G,G,154,1.0002,-16.5174,-13.8807,-13.9491,-12.8218,-15.0033,-0.0000,-16.4331,-13.9213,-17.6094,-12.7344,-17.6023,-16.8185,-14.8387,-15.5331,-14.4609,-15.7444,-16.5716,-14.0006,-16.2411,-13.7252
155,D,C,V,155,2.2852,-3.8774,-1.5746,-9.4282,-8.6314,-9.6941,-6.2251,-11.7125,-3.7609,-11.3433,-6.7899,-9.5878,-8.6139,-10.2588,-8.3876,-7.8894,-6.0306,-4.3456,-0.3159,-9.6702,-10.3881
156,D,L,A,156,6.9014,-1.3423,-5.2495,-7.2376,-3.4192,-7.6953,-3.1825,-6.8293,-7.0791,-3.0438,-5.0338,-3.9971,-6.0073,-8.9848,-1.6252,-1.7737,-1.6336,-4.0011,-7.1823,-8.8509,-9.8868
157,D,V,L,157,5.9610,-1.6299,-3.9300,-8.5952,-5.5686,-4.1430,-4.1021,-5.5756,-3.5092,-6.8904,-0.8152,-3.9032,-6.4370,-6.2705,-3.3876,-5.0413,-3.0564,-4.2820,-1.9314,-8.1290,-7.2844
158,D,K,H,158,10.4541,-4.4979,-9.1485,-4.3603,-4.9533,-3.6930,-5.3160,-1.6039,-5.0236,-2.2755,-3.1187,-6.8880,-3.3525,-3.4826,-2.2280,-1.9767,-3.5177,-3.6203,-4.5434,-4.5845,-1.6391
159,D,D,R,159,9.3183,-4.3703,-5.5938,-1.9684,-2.9158,-3.9170,-3.3006,-3.2716,-6.9447,-3.9031,-4.0765,-7.0058,-3.3265,-8.1318,-3.4526,-1.1941,-1.9419,-4.3321,-5.9719,-4.6636,-2.1485
160,D,Y,G,160,6.0258,-3.2389,-5.0215,-6.2613,-6.9768,-1.2308,-0.9356,-4.0293,-5.5443,-6.1344,-2.8524,-5.6323,-6.3986,-9.7079,-6.1180,-4.1229,-3.6137,-6.5153,-3.9916,-2.7495,-2.9794
161,D,F,S,161,6.2819,-3.4812,-6.3759,-4.1179,-5.4014,-3.1689,-4.9892,-3.1102,-4.9947,-4.6226,-5.3851,-7.1621,-1.1744,-7.7759,-5.7358,-5.1704,-1.0803,-3.5133,-4.8946,-5.4409,-2.0260
162,D,P,S,162,7.8626,-4.7613,-5.7760,-3.5933,-5.3696,-3.1759,-1.4282,-4.2140,-4.2856,-5.9813,-5.3346,-5.8937,-3.3309,-1.9033,-6.5377,-4.7791,-1.2437,-3.0807,-4.8476,-6.7442,-2.3222
163,D,E,Y,163,11.6091,-2.7213,-5.6925,-3.3095,-3.7089,-2.6925,-4.0666,-4.2795,-3.8951,-3.8584,-3.7788,-6.4423,-1.9759,-2.9124,-5.8004,-3.0984,-1.8992,-2.5654,-4.3314,-6.3900,-1.5020
164,D,P,T,164,11.0136,-3.2665,-7.4396,-2.8892,-4.4964,-2.7458,-3.1145,-6.7844,-2.2252,-4.1034,-2.0944,-4.7715,-4.3254,-3.9874,-6.0856,-4.3457,-2.1455,-1.4379,-2.2556,-4.5225,-4.4679
165,D,V,V,165,4.4552,-2.5219,-6.0617,-8.1995,-9.3306,-3.6615,-7.7124,-7.4890,-1.3860,-8.8329,-2.9698,-7.1475,-6.2377,-5.0281,-8.6334,-7.8342,-4.4683,-3.5246,-0.6841,-7.3853,-3.4168
166,D,T,T,166,9.3528,-3.0142,-6.4306,-3.5381,-3.5673,-4.1425,-6.1606,-5.0454,-1.7906,-2.8478,-2.3162,-4.4982,-3.1694,-7.2959,-5.2241,-3.6041,-2.5002,-1.1326,-3.1546,-7.3661,-4.5949
167,D,V,I,167,3.0934,-6.5853,-7.4515,-10.4082,-10.4377,-4.6071,-8.4518,-9.6428,-0.6918,-8.9240,-1.0764,-4.1804,-8.9721,-10.1931,-9.1687,-9.5358,-7.4962,-7.4683,-2.0622,-6.4302,-7.4684
168,D,S,S,168,2.2111,-5.4432,-8.2690,-6.7834,-6.0843,-6.9048,-5.8664,-8.5560,-5.3432,-3.5445,-6.4605,-7.0140,-4.3742,-11.8239,-6.6948,-5.2474,-0.2485,-1.8828,-8.3686,-8.7917,-8.3053
169,D,W,C,169,9.9974,-2.6585,-1.1876,-6.8935,-5.3563,-2.1782,-3.8828,-4.5538,-3.6230,-5.5803,-2.5676,-3.7318,-5.8858,-9.2646,-4.3956,-2.8193,-3.4804,-5.2551,-2.6268,-2.0806,-3.3321
170,D,N,Q,170,6.9627,-5.6089,-5.8529,-1.5416,-3.1821,-5.2196,-3.1341,-5.0015,-7.1652,-3.2761,-2.1814,-6.0158,-2.8576,-6.7442,-0.9788,-3.0378,-3.2192,-6.6826,-6.7791,-7.3359,-5.7952
171,D,S,D,171,9.9283,-4.3749,-6.1694,-1.3345,-3.4130,-3.9346,-3.4653,-4.7524,-4.9617,-2.4787,-4.6828,-6.4481,-2.2640,-5.2120,-5.1684,-3.3157,-1.6247,-2.6592,-5.5042,-3.5488,-2.5672
172,D,G,G,172,4.0832,-3.9185,-9.3643,-2.2259,-3.7887,-6.4527,-0.4392,-5.6164,-6.0422,-3.3002,-5.8934,-6.6208,-3.1425,-6.9458,-3.2558,-3.0233,-4.0126,-5.2772,-6.8184,-8.6419,-7.5642
173,D,A,S,173,6.2610,-4.8877,-9.0247,-1.8153,-4.3347,-4.4382,-4.0439,-5.3564,-4.5571,-4.0673,-5.1307,-7.2532,-1.8045,-4.5047,-6.6637,-3.5300,-0.8960,-2.1006,-5.5370,-6.9361,-5.0456
174,D,L,I,174,7.8758,-5.6756,-7.1956,-2.3020,-4.7412,-3.8168,-7.1086,-4.9272,-0.9143,-3.6275,-2.1440,-4.7866,-2.9886,-6.5760,-5.7899,-3.0777,-3.3084,-3.7111,-2.1655,-5.7762,-3.7141
175,D,T,T,175,6.3345,-3.1708,-9.1477,-3.7800,-3.8953,-5.5893,-3.0782,-4.9519,-3.9417,-2.8749,-5.0497,-5.3508,-2.4118,-7.2275,-4.6492,-4.5450,-1.8645,-0.7293,-3.9176,-8.2509,-5.8114
176,D,S,S,176,9.8760,-2.6820,-7.8909,-1.8703,-1.8992,-5.2223,-4.1164,-4.8778,-4.8983,-2.6028,-5.2149,-6.9474,-2.8571,-3.4906,-4.5619,-3.4354,-1.3928,-2.2540,-4.9374,-5.0850,-4.3493
177,D,G,G,177,1.1520,-8.4261,-9.6880,-7.7389,-8.2326,-9.5515,-0.0243,-8.4225,-10.7310,-7.4041,-8.9458,-11.0370,-5.8796,-8.8746,-7.5933,-4.0661,-6.7389,-9.9383,-11.4970,-10.1441,-9.1673
178,D,V,L,178,7.5421,-2.5448,-7.5589,-4.2387,-3.7688,-3.3043,-2.0345,-4.8318,-3.1541,-6.0644,-0.9866,-1.7011,-5.1529,-9.7660,-4.3534,-4.9293,-4.4280,-5.4832,-2.9545,-6.1745,-4.4643
179,D,H,Y,179,8.1764,-4.4697,-6.0145,-4.7556,-5.6312,-2.2562,-5.6754,-1.9934,-4.7592,-3.6025,-4.0873,-6.6165,-3.3488,-7.8865,-4.7792,-2.0340,-1.5659,-4.0260,-5.0368,-5.6185,-1.3319
180,D,T,A,180,9.4276,-1.5872,-4.0532,-7.7637,-8.3885,-3.9297,-4.0379,-7.2063,-4.2582,-6.4339,-3.4341,-3.2704,-5.1716,-3.4090,-4.9571,-3.8658,-1.8457,-2.1434,-1.9336,-1.7948,-7.1746
181,D,F,L,181,9.1947,-4.8358,-5.6695,-5.6047,-4.2906,-3.3309,-4.5988,-3.1416,-1.4517,-3.1544,-1.2644,-2.4546,-2.4296,-10.7601,-3.9192,-4.7479,-3.9931,-3.5078,-2.8319,-7.6456,-4.3702
182,D,P,P,182,11.9516,-3.4643,-5.8110,-5.3526,-3.7332,-4.8069,-2.4512,-3.1132,-3.3851,-3.2592,-2.5867,-5.1168,-4.1330,-1.3148,-1.9618,-3.3373,-3.2223,-2.7456,-3.5699,-5.5380,-3.0405
183,D,A,P,183,6.1977,-1.6262,-4.6499,-6.2960,-7.2096,-3.1223,-4.7823,-4.4038,-7.5726,-7.3783,-3.9522,-8.3452,-5.6406,-0.8970,-6.6738,-5.1613,-1.7901,-3.1350,-4.3247,-4.3034,-2.9882
184,D,V,T,184,9.5809,-2.5665,-6.9356,-5.1141,-5.4465,-2.0380,-5.8928,-3.5363,-3.8151,-2.5096,-3.6987,-5.8098,-4.2937,-9.5717,-5.0159,-2.6095,-2.9888,-1.1559,-2.8459,-5.0759,-2.3511
185,D,L,L,185,7.8823,-3.9518,-6.3611,-5.9143,-3.4256,-4.5356,-6.6076,-6.2229,-3.5051,-2.6023,-1.2541,-4.6636,-5.4758,-5.7512,-3.3770,-1.6002,-4.6369,-2.4164,-1.6942,-6.1015,-5.9626
186,D,Q,G,186,7.4219,-4.0788,-4.9525,-2.9007,-3.5050,-5.5621,-0.8369,-3.8606,-9.3501,-3.4483,-2.0651,-4.9864,-3.7741,-8.8373,-3.3781,-2.8645,-3.2483,-2.2098,-7.6026,-6.9799,-5.7221
187,D,S,S,187,9.4132,-2.6772,-7.2778,-3.2665,-2.9279,-5.7551,-3.6188,-4.7856,-5.9176,-2.7725,-3.6849,-6.4096,-3.9299,-2.0573,-3.0622,-2.3239,-1.0597,-2.9986,-4.3906,-6.0634,-5.2238
188,D,S,D,188,4.4990,-6.8210,-7.9688,-0.9307,-4.7207,-8.6479,-4.8093,-6.7471,-7.9992,-4.9054,-6.9463,-8.6692,-1.6475,-11.5484,-7.0320,-3.7426,-1.3159,-2.3974,-8.7947,-8.4929,-8.0730
189,D,G,G,189,1.9089,-3.7086,-8.1888,-6.0238,-3.5862,-7.8867,-0.1384,-6.2903,-9.1604,-5.3298,-5.2822,-7.1896,-6.0767,-9.9815,-5.2464,-3.2727,-4.4237,-6.5053,-7.0189,-7.0401,-7.5557
190,D,L,L,190,7.2893,-2.6130,-8.6464,-6.4669,-4.2563,-3.6645,-6.9895,-3.9678,-6.1669,-1.2442,-1.2222,-3.4564,-4.3353,-13.6994,-4.2553,-2.0991,-3.2865,-3.0221,-6.5825,-7.8677,-4.4892
191,D,Y,L,191,7.5941,-4.3984,-5.8816,-7.1225,-6.3388,-2.5699,-4.7979,-3.6970,-4.3055,-4.8406,-0.8140,-2.3636,-3.6068,-9.2773,-4.0540,-2.9178,-3.9288,-6.0613,-3.5006,-2.5873,-2.4287
192,D,S,S,192,9.1244,-1.5141,-6.5550,-3.4928,-4.6329,-4.2512,-3.4608,-3.7548,-4.3627,-3.8995,-3.5322,-4.5619,-2.8659,-7.3868,-4.6651,-3.0148,-1.4453,-1.5808,-3.4310,-6.2801,-5.3080
193,D,L,T,193,5.9419,-2.7259,-4.5941,-6.9948,-8.7301,-4.4650,-4.6321,-6.5954,-2.2714,-10.1956,-1.9706,-5.0637,-3.9039,-6.6304,-7.8713,-6.0408,-1.8039,-0.8519,-3.4783,-7.8640,-5.2866
194,D,S,A,194,3.2645,-0.3224,-5.1279,-5.7745,-5.9893,-6.1221,-2.5260,-5.1271,-4.8954,-7.1235,-3.4511,-6.8250,-4.5343,-7.6572,-5.1797,-6.7890,-2.7216,-3.8612,-4.2916,-6.3179,-4.2275
195,D,S,C,195,1.2854,-5.0797,-0.0420,-7.7455,-10.0827,-5.9251,-6.7666,-7.6399,-7.1843,-10.8117,-6.1131,-7.7849,-7.3307,-9.2539,-8.8457,-9.4627,-4.0379,-6.0778,-5.3282,-7.2946,-8.2766
196,D,V,L,196,4.7378,-4.0408,-6.6913,-9.1677,-8.8059,-4.1311,-5.9937,-4.1914,-1.8427,-6.7599,-0.9707,-5.5318,-7.2620,-7.3441,-4.3287,-3.7739,-6.4345,-5.0047,-1.0688,-5.1823,-4.5985
197,D,V,I,197,6.8581,-4.5796,-6.6430,-7.4686,-5.7360,-5.2893,-6.3807,-3.5015,-1.0937,-3.8919,-3.5621,-5.0374,-5.6388,-8.2299,-2.5978,-2.7264,-3.6719,-1.2595,-2.3811,-6.0730,-4.6242
198,D,T,R,198,12.7564,-4.1312,-5.6283,-3.8906,-3.0962,-4.1220,-3.7452,-3.6549,-2.6275,-2.8533,-3.2395,-3.6720,-3.8133,-5.6712,-2.8110,-1.4681,-2.5784,-2.2114,-2.0432,-4.0842,-5.0292
199,D,V,L,199,8.1959,-3.3036,-7.0425,-5.5758,-5.7652,-2.3120,-4.2094,-2.5230,-2.8584,-4.5853,-0.9852,-3.9809,-6.9305,-7.4990,-4.3499,-3.9359,-5.0134,-3.7949,-1.8678,-4.6083,-2.6010
200,D,P,P,200,5.9359,-3.2024,-7.3461,-3.0075,-4.6882,-6.7309,-2.7512,-5.3898,-5.8104,-4.2057,-4.0944,-7.1304,-4.1428,-0.6421,-4.4308,-2.8627,-2.1970,-2.7554,-5.4235,-6.6760,-5.6224
201,D,S,A,201,7.0253,-0.8879,-6.4212,-3.7341,-4.8884,-4.4547,-2.8375,-4.4429,-6.3735,-3.5544,-3.9353,-6.8476,-4.1433,-3.1046,-4.7447,-2.0698,-1.6448,-4.8500,-5.1171,-5.7848,-4.0743
202,D,S,G,202,7.2743,-1.7470,-8.0150,-1.7118,-3.9298,-4.3925,-0.9769,-4.5592,-5.9169,-4.6076,-4.0905,-6.0749,-2.8356,-8.5921,-5.1428,-3.8925,-3.0847,-4.5491,-3.8480,-4.6444,-3.8255
203,D,S,V,203,9.6837,-2.5678,-7.0149,-4.9666,-2.9205,-4.7826,-4.1718,-4.9077,-2.4596,-1.9551,-2.7314,-4.2719,-5.0798,-9.3915,-2.4948,-2.7961,-3.5999,-3.4320,-1.1723,-7.2601,-5.4372
204,D,L,L,204,4.8706,-2.8589,-6.9434,-7.1121,-7.9602,-3.6489,-6.0754,-6.4703,-2.0849,-6.6639,-0.5650,-5.7854,-7.9140,-4.3252,-7.0217,-3.4759,-3.7918,-3.2186,-2.4115,-4.3546,-5.7653
205,D,G,S,205,7.8569,-2.9192,-7.5339,-2.7452,-4.6214,-4.9403,-2.2754,-4.4181,-4.4323,-4.5733,-4.5075,-6.5090,-3.0116,-4.0200,-4.9523,-3.3227,-0.9304,-1.7531,-3.8560,-6.8827,-4.2242
206,D,T,G,206,6.9735,-2.9293,-6.7590,-3.2912,-3.8168,-5.0623,-1.1040,-4.8146,-4.7113,-5.0525,-4.2813,-5.9733,-4.1379,-5.6016,-4.7180,-3.1411,-1.1170,-2.6909,-3.7330,-4.9297,-4.5656
207,D,Q,Y,207,12.3082,-4.2646,-7.7822,-4.1099,-3.6999,-3.1005,-4.6715,-3.5915,-2.2587,-3.4516,-3.0904,-4.5632,-3.7839,-4.0860,-4.3686,-1.9215,-2.8108,-2.1303,-2.8484,-4.2569,-1.5110
208,D,T,R,208,9.6345,-3.6245,-7.3889,-3.2795,-2.9101,-4.9055,-4.6410,-3.3965,-3.5810,-2.7375,-3.8382,-5.7902,-4.1758,-3.9287,-3.1618,-0.9776,-2.4647,-2.1890,-3.0183,-5.8549,-4.5582
209,D,Y,L,209,4.4324,-3.4072,-8.5157,-8.9238,-8.4152,-1.6512,-6.4790,-5.0973,-4.0892,-6.8476,-0.6059,-4.1295,-7.5517,-5.6719,-7.9203,-5.4753,-6.3726,-5.4000,-2.2876,-4.2359,-2.8713
210,D,I,T,210,6.1179,-4.1088,-7.4907,-4.9563,-3.4238,-4.8608,-5.3084,-5.1652,-2.2834,-3.8587,-3.4748,-5.1971,-3.8113,-8.2095,-4.7368,-2.8238,-3.7964,-0.6806,-2.0015,-6.8391,-4.6126
211,D,C,F,211,4.7510,-2.5785,-2.7273,-5.1456,-6.9439,-0.5138,-3.6586,-5.0113,-5.3738,-8.3835,-5.8855,-6.6681,-4.6395,-6.9941,-7.1059,-7.5282,-2.3290,-4.2298,-3.5133,-3.4261,-3.6431
212,D,N,S,212,10.6553,-3.6969,-6.5200,-2.2924,-2.6060,-4.2913,-3.0055,-3.4728,-5.5589,-3.0525,-5.6272,-6.4243,-2.2639,-9.3885,-2.6846,-2.9334,-1.4438,-1.8547,-5.9204,-6.1208,-3.6717
213,D,V,V,213,4.3364,-3.8394,-6.3860,-8.3316,-8.3638,-4.0375,-6.0205,-7.2520,-1.4912,-9.9922,-2.4532,-3.3113,-5.1830,-8.1335,-6.9153,-8.2379,-3.3089,-4.5757,-0.6210,-4.1146,-8.8155
214,D,N,W,214,5.0037,-4.1358,-6.6353,-3.7138,-4.5635,-3.6129,-3.6499,-3.7582,-5.9234,-3.4560,-4.0584,-6.4277,-3.9192,-9.4941,-4.3491,-2.8715,-2.9916,-4.6086,-4.7906,-0.4525,-3.7105
215,D,H,S,215,3.4381,-1.8216,-6.7515,-4.9740,-7.3045,-7.5428,-2.9239,-4.8733,-7.0902,-6.1170,-6.2114,-6.3737,-3.6205,-4.0967,-5.5165,-4.3668,-0.4076,-3.4881,-6.4976,-6.5049,-6.2504
216,D,K,L,216,14.3095,-2.4513,-7.6727,-3.6656,-3.4142,-4.1703,-2.2405,-4.5022,-3.0011,-3.4049,-1.8775,-3.1007,-3.5890,-3.7975,-3.2292,-2.9432,-2.1347,-2.4004,-2.5701,-5.8233,-4.5846
217,D,P,N,217,12.3229,-2.7987,-9.1772,-3.5832,-3.5903,-2.2676,-4.0740,-3.6640,-4.4954,-4.6856,-2.3799,-5.9933,-1.8698,-2.2927,-3.8328,-4.2301,-1.9162,-2.9514,-4.3927,-6.7122,-2.1404
218,D,S,S,218,3.9511,-1.1375,-5.6062,-5.3778,-6.4737,-3.6417,-3.0874,-4.7847,-6.2445,-6.7812,-4.6870,-6.5556,-4.2069,-5.0361,-5.3713,-5.2059,-0.6535,-4.8637,-5.9328,-6.4731,-4.4221
219,D,N,G,219,6.8883,-1.4492,-8.8206,-2.4475,-3.5912,-4.3836,-0.9671,-4.8890,-6.6150,-6.4236,-4.3780,-6.7693,-2.7536,-5.5444,-4.9105,-5.0712,-2.4487,-3.4003,-5.2601,-4.4577,-4.1132
220,D,T,A,220,10.7036,-1.3409,-5.6704,-4.5954,-3.9409,-3.3838,-3.4337,-3.7668,-5.0897,-3.9170,-2.9000,-3.9854,-4.1768,-7.6183,-3.0667,-3.1518,-1.5509,-2.2004,-3.6942,-4.0965,-3.0591
221,D,K,A,221,13.0914,-1.6538,-5.8861,-4.4553,-5.4056,-2.2941,-2.6995,-4.0100,-4.0075,-4.4439,-2.9541,-5.4462,-3.6791,-3.3340,-4.8909,-2.2065,-3.0776,-3.0806,-3.1015,-2.1651,-2.4420
222,D,V,D,222,7.7707,-2.7808,-6.2530,-0.8774,-2.9496,-4.0199,-1.7678,-3.8526,-4.3859,-6.0590,-3.7925,-6.2376,-3.6734,-2.8553,-4.0735,-5.4022,-4.7607,-4.2515,-2.6073,-5.7741,-4.2258
223,D,D,D,223,9.1675,-2.0637,-5.9381,-1.3045,-2.4007,-4.2846,-1.6779,-5.9302,-4.4421,-5.4562,-4.0121,-5.0677,-4.2526,-4.3941,-3.8874,-5.0377,-2.1108,-3.0813,-3.4726,-5.0129,-5.0362
224,D,K,V,224,2.6777,-3.2429,-5.7798,-5.9952,-6.0998,-6.0109,-4.1313,-6.7870,-2.6134,-7.3319,-4.3390,-4.5853,-6.5502,-7.0732,-6.5967,-6.0136,-5.1753,-3.3010,-0.2477,-5.8904,-5.4314
225,D,K,V,225,11.4488,-1.6498,-6.4125,-2.8712,-2.3997,-2.9467,-3.3759,-5.0293,-3.7616,-3.9344,-2.2566,-5.6485,-4.1429,-4.8116,-3.1203,-5.1502,-3.9202,-2.4462,-1.5910,-5.2766,-3.6746
226,D,V,V,226,2.3345,-2.5442,-5.3932,-4.6968,-6.7915,-5.5649,-4.8450,-6.5503,-3.5383,-10.0497,-4.1462,-5.9737,-6.4375,-10.4348,-6.8819,-7.9104,-5.1346,-3.7353,-0.2086,-7.9440,-6.7332
227,D,E,T,227,6.0781,-3.3841,-7.5257,-2.6965,-3.1737,-5.1315,-6.5321,-7.2158,-3.0508,-5.2057,-2.5767,-3.9018,-4.6669,-6.5038,-5.9093,-6.0989,-2.0032,-0.7108,-2.9108,-7.7695,-6.0773
228,D,P,V,228,4.6207,-2.9238,-5.9979,-6.3463,-7.1470,-5.1612,-5.1422,-7.4875,-2.2293,-7.9730,-2.4109,-5.5191,-7.2203,-2.0345,-7.6683,-5.5900,-4.6774,-3.6547,-0.5968,-6.1752,-5.5479
229,D,K,L,229,9.5733,-1.5651,-5.6620,-5.8800,-5.8072,-4.6300,-2.8604,-7.2557,-4.0709,-3.0062,-1.2815,-2.9652,-4.7818,-2.7021,-4.1667,-2.4639,-2.9927,-4.0423,-2.6975,-5.1970,-6.4482
230,D,S,F,230,13.3072,-2.0709,-6.4955,-2.6137,-3.1260,-1.5511,-2.8432,-3.9508,-3.7661,-3.5634,-2.9895,-5.7284,-3.4375,-7.8894,-3.9586,-2.4154,-2.6603,-3.1261,-2.8482,-4.7839,-3.2275
231,D,C,D,231,7.3599,-1.8768,-4.6780,-0.9998,-2.0648,-3.1041,-3.2083,-6.2821,-4.7086,-7.2365,-3.7757,-5.5654,-6.3817,-6.6920,-4.2788,-7.3691,-2.4995,-4.7808,-2.2594,-8.6739,-5.0101
1,C,D,D,1,1.5163,-3.9278,-9.8185,-0.0842,-3.3635,-8.6872,-6.6053,-8.0177,-7.5511,-8.2350,-7.5149,-8.2510,-6.6805,-9.0715,-4.7804,-8.8698,-5.1410,-7.5079,-5.0353,-11.1020,-8.8767
2,C,I,I,2,1.2197,-10.1175,-12.7851,-14.7329,-14.4329,-10.8638,-13.5265,-13.7213,-0.0412,-13.1841,-3.6996,-8.4649,-11.2014,-12.5902,-12.3089,-13.4345,-13.7923,-9.4223,-4.1832,-14.1269,-10.8694
3,C,Q,Q,3,3.5079,-4.6804,-9.4068,-7.2617,-3.3573,-8.1490,-6.9715,-5.3982,-5.1424,-3.4110,-3.3566,-7.0000,-7.5029,-10.1842,-0.5600,-3.8496,-7.1572,-5.8639,-1.2823,-8.6575,-7.6403
4,C,M,M,4,1.1540,-9.9175,-10.1354,-14.0751,-10.4629,-11.5867,-12.9135,-16.2038,-5.7972,-13.0079,-4.6809,-0.0255,-12.3161,-14.6750,-10.6745,-13.6162,-13.3413,-10.8199,-4.3662,-13.3376,-14.5927
5,C,T,T,5,1.5812,-6.9484,-11.5347,-6.4009,-6.9205,-8.8486,-9.8154,-9.1348,-2.9431,-6.5961,-6.0050,-6.2851,-4.8106,-12.5204,-7.3663,-7.7418,-5.3944,-0.1007,-3.9319,-9.9072,-10.9488
6,C,Q,Q,6,1.0171,-8.5907,-10.2518,-12.2814,-6.9227,-13.5867,-9.1258,-10.7446,-12.7318,-11.6914,-8.4131,-11.3267,-12.3398,-10.8918,-0.0019,-10.0163,-9.2408,-9.4926,-9.8937,-13.6555,-14.1715
7,C,S,S,7,1.5406,-5.4838,-9.6656,-7.1628,-7.7872,-6.8098,-9.3700,-8.9786,-7.7884,-6.2273,-7.4858,-9.3629,-6.7844,-11.7899,-8.9840,-7.8533,-0.1267,-2.2385,-7.7090,-9.0942,-7.7706
8,C,P,P,8,1.0033,-10.3779,-14.4485,-14.0202,-11.2353,-12.2692,-11.5864,-10.6033,-13.6173,-12.9067,-10.7763,-15.0242,-13.5487,-0.0003,-10.5706,-11.8813,-9.3692,-9.9519,-11.4008,-14.9732,-13.0031
9,C,S,S,9,1.8452,-2.6416,-8.1553,-5.4831,-7.2225,-5.3042,-5.2527,-6.8944,-8.6382,-5.2916,-5.1082,-9.9632,-7.7179,-5.1570,-7.5320,-5.8948,-0.1387,-4.2811,-5.3040,-9.6190,-6.1314
10,C,S,S,10,1.6453,-5.8444,-8.3803,-8.8737,-9.0899,-3.9084,-10.2219,-8.4854,-5.5095,-7.8311,-7.7339,-7.9272,-5.7088,-8.6385,-8.5075,-8.4099,-0.1261,-2.5073,-7.0773,-9.0981,-5.7641
11,C,L,L,11,1.4686,-8.8747,-10.0166,-11.1219,-8.5739,-5.0540,-11.5494,-9.5361,-5.7729,-8.2913,-0.0855,-2.9376,-11.5890,-10.8980,-4.9626,-9.0686,-7.4405,-7.5254,-4.5848,-12.6434,-8.1997
12,C,S,S,12,1.5386,-4.2664,-7.9465,-7.2336,-8.9272,-3.5775,-6.8086,-7.2044,-10.9338,-8.1554,-6.2236,-9.0772,-6.5285,-6.8130,-9.6348,-7.8007,-0.0919,-7.3590,-9.2541,-8.0659,-3.3169
13,C,A,A,13,1.0566,-0.0078,-8.6944,-12.2208,-9.0138,-10.2045,-7.6721,-12.3596,-12.2644,-8.4848,-9.4614,-9.6048,-12.3403,-10.6967,-11.6449,-9.4598,-7.2944,-7.8556,-5.2159,-14.0787,-11.9735
14,C,S,S,14,1.0567,-5.6182,-11.1199,-10.4525,-11.7324,-8.5808,-7.2251,-10.5530,-10.4256,-8.1163,-10.3385,-10.9857,-7.8304,-12.2409,-12.9192,-9.5549,-0.0074,-6.2978,-11.1669,-14.2141,-9.3739
15,C,V,V,15,1.0482,-7.4904,-13.0990,-12.4740,-9.1755,-11.8027,-12.1247,-14.4540,-6.0217,-12.6739,-6.0986,-11.5066,-14.1770,-8.5049,-12.0536,-12.3093,-12.2161,-7.2676,-0.0063,-14.0663,-13.5383
16,C,G,G,16,1.0017,-11.5486,-15.5083,-10.0512,-10.3412,-14.6587,-0.0001,-13.3391,-16.5357,-10.8843,-14.7911,-14.4113,-11.6618,-20.6766,-14.2927,-11.7966,-11.2838,-12.2795,-14.7098,-15.3891,-14.8610
17,C,D,D,17,1.0024,-12.6081,-18.2518,-0.0002,-8.7151,-19.0837,-11.6104,-13.8283,-17.6453,-18.1605,-20.1571,-18.3072,-10.0594,-21.2812,-14.6894,-18.5796,-11.9753,-12.7685,-16.5641,-21.1903,-16.5993
18,C,R,R,18,1.1351,-8.7338,-12.5433,-12.5218,-8.3934,-10.1240,-8.9378,-7.8825,-9.2966,-4.6158,-7.5098,-10.2963,-9.2569,-8.5575,-7.0418,-0.0205,-8.2270,-4.9394,-9.3998,-10.3015,-10.3526
19,C,V,V,19,1.0130,-12.1871,-11.2252,-21.7814,-15.4159,-10.8036,-18.8843,-16.3606,-6.6732,-13.6390,-8.9172,-8.9405,-18.6825,-22.5177,-13.3067,-15.1826,-17.4683,-13.0319,-0.0016,-16.2350,-14.7833
20,C,T,T,20,1.0833,-8.0202,-10.2042,-9.4485,-8.5051,-11.6208,-12.5824,-14.3463,-5.5998,-9.9642,-11.5560,-8.2544,-8.8317,-12.5423,-10.0930,-10.3094,-5.3632,-0.0116,-6.2329,-14.9154,-13.9801
21,C,I,I,21,1.0506,-14.1449,-11.7542,-20.0550,-17.8872,-8.0792,-15.9772,-16.2858,-0.0070,-15.7853,-5.8273,-7.2910,-16.1316,-21.9984,-15.3009,-16.1570,-14.8876,-12.8902,-5.7993,-15.0822,-14.2289
22,C,T,T,22,1.3067,-8.9207,-11.0080,-8.1349,-8.5436,-8.0983,-8.9831,-8.9864,-5.8773,-5.1096,-9.6936,-8.4713,-3.4703,-13.2148,-10.0747,-6.6219,-4.8515,-0.0523,-9.0182,-10.4487,-8.6495
23,C,C,C,23,1.0049,-9.1860,-0.0005,-13.6304,-14.2392,-12.1063,-11.4230,-13.1778,-9.4043,-16.7576,-12.6303,-13.0678,-12.8296,-17.6501,-14.3749,-15.8924,-9.8557,-11.6099,-8.5329,-16.1153,-15.0872
24,C,K,K,24,2.4235,-8.7028,-11.4926,-8.1092,-5.9244,-8.6240,-8.1335,-5.3615,-9.5699,-0.3185,-5.1334,-9.2457,-5.6271,-16.4760,-2.6590,-1.7606,-4.5866,-6.0758,-10.0492,-9.3425,-8.4994
25,C,A,A,25,1.0104,-0.0012,-11.3962,-14.6568,-15.4609,-13.8970,-9.0473,-17.0443,-13.9842,-17.8580,-11.3302,-13.3705,-14.2707,-13.9277,-16.9374,-13.9387,-7.0764,-8.9243,-9.7638,-20.2880,-17.8931
26,C,S,S,26,1.0464,-8.6563,-12.4174,-9.8838,-11.8663,-12.4547,-6.4317,-12.6230,-12.7680,-9.4581,-12.0163,-13.2512,-9.0728,-13.9136,-11.8958,-7.8204,-0.0063,-5.5654,-13.1173,-13.4595,-13.0170
27,C,Q,Q,27,1.3048,-8.1493,-10.8146,-7.2388,-5.1033,-8.8023,-6.6958,-7.0982,-7.8944,-4.2992,-6.1529,-7.5054,-7.4583,-11.5989,-0.0446,-4.7463,-4.9520,-6.8337,-8.6549,-11.3825,-9.1765
28,C,D,D,28,3.6903,-5.6030,-8.6175,-0.6250,-5.5114,-6.0177,-2.5998,-4.8563,-5.1449,-5.3151,-6.7817,-7.9459,-1.1976,-6.6129,-7.6672,-6.1952,-3.8044,-4.2261,-4.3745,-9.8151,-5.3356
29,C,V,V,29,1.6033,-7.2337,-10.2285,-11.1714,-11.4272,-10.7045,-11.3353,-10.3766,-1.8897,-9.5774,-7.0057,-7.5212,-8.7194,-10.1379,-9.9727,-9.7481,-9.5300,-5.6023,-0.1715,-13.8474,-11.2209
36,C,S,S,36,6.6547,-3.4495,-8.1468,-2.9994,-4.2634,-5.4882,-1.9388,-5.1486,-5.8277,-3.1184,-4.9062,-6.4722,-2.8459,-7.2138,-5.6674,-2.4188,-0.7807,-2.8464,-5.5958,-6.5870,-3.8360
37,C,I,T,37,1.7182,-4.8679,-8.2779,-7.1368,-8.1579,-7.7391,-7.2186,-8.9912,-3.8949,-4.7854,-6.9692,-6.6236,-4.1447,-9.0168,-8.0534,-4.9803,-3.4429,-0.1094,-5.0121,-9.6323,-7.6403
38,C,G,G,38,1.2408,-3.3399,-9.0857,-7.3836,-9.8640,-7.6413,-0.0445,-8.3896,-12.4713,-10.2492,-9.4471,-11.5465,-7.3595,-11.3870,-10.5154,-8.5620,-5.9535,-9.0134,-10.4718,-7.5005,-6.0628
39,C,V,V,39,1.0318,-6.8614,-11.6515,-14.7714,-16.7383,-10.1180,-13.1743,-15.7775,-6.6529,-16.6978,-7.2372,-8.9063,-12.6000,-17.3362,-15.7895,-15.6634,-10.7796,-7.4216,-0.0039,-14.4264,-13.1618
40,C,A,A,40,1.2699,-0.0562,-6.4005,-9.8756,-13.5725,-13.3545,-6.9692,-10.6048,-11.4358,-15.5795,-13.6883,-11.5935,-7.4135,-13.9085,-11.3853,-12.0280,-3.0176,-6.1030,-8.5844,-17.2922,-14.8063
41,C,W,W,41,1.0014,-13.4292,-12.5537,-15.3468,-15.7350,-9.6528,-14.0446,-12.6756,-13.4471,-16.0224,-12.9214,-13.1581,-13.1869,-20.3478,-14.4164,-12.1703,-13.2823,-13.7868,-11.8965,-0.0001,-10.7862
42,C,Y,Y,42,1.2031,-13.7585,-9.3850,-14.0377,-12.7207,-3.3372,-13.3788,-5.5047,-12.7393,-11.5480,-8.3108,-11.9340,-9.7942,-18.2817,-10.5499,-11.1837,-11.6782,-13.4512,-11.7454,-10.3817,-0.0409
43,C,Q,Q,43,1.0404,-12.7757,-11.5840,-13.1529,-6.8983,-13.3216,-12.1129,-7.3991,-11.6751,-8.8607,-8.9583,-9.6232,-10.9127,-13.7844,-0.0054,-5.7104,-11.7909,-12.2597,-11.5101,-13.0124,-13.7271
44,C,Q,Q,44,1.0349,-12.9393,-12.6791,-14.0133,-6.7914,-15.2272,-12.7087,-8.2598,-12.7139,-6.5767,-8.0948,-10.3414,-11.5516,-16.1481,-0.0043,-6.7961,-12.1971,-11.9798,-10.7223,-13.6860,-15.2584
45,C,K,K,45,1.1103,-9.2304,-12.2841,-10.7938,-7.3699,-10.6695,-11.4838,-9.3818,-8.8548,-0.0164,-8.4792,-7.7922,-7.1452,-14.6007,-6.9931,-4.5048,-6.9744,-7.0654,-9.9282,-10.8125,-11.4894
46,C,P,P,46,1.0869,-7.5089,-11.7750,-11.4000,-8.9558,-8.9188,-10.7317,-7.1735,-9.8182,-11.4751,-5.6009,-11.9837,-11.7870,-0.0113,-5.9414,-8.3051,-6.3427,-7.5598,-7.3567,-10.0705,-10.3848
47,C,G,G,47,1.0167,-8.9942,-15.6481,-7.3808,-7.5627,-12.0194,-0.0018,-9.9833,-13.4306,-9.3712,-10.1548,-12.7775,-10.7696,-12.5648,-11.4122,-9.5439,-10.5811,-8.6498,-11.0101,-10.7562,-12.0323
48,C,K,K,48,1.4744,-6.9805,-8.8922,-8.2622,-4.8801,-6.7073,-8.8278,-5.6845,-11.1377,-0.0699,-5.0886,-7.3765,-4.3064,-11.8794,-4.7939,-4.0279,-5.1057,-7.4504,-10.6095,-9.2169,-7.2561
49,C,A,A,49,1.6758,-0.1533,-8.9084,-11.4322,-10.8747,-9.7940,-2.2594,-11.9281,-14.8306,-12.4338,-10.8749,-12.0052,-9.6583,-5.2201,-11.0641,-9.0601,-3.4953,-6.6106,-8.8907,-13.7044,-11.4421
50,C,P,P,50,1.0447,-9.8050,-9.5493,-11.7702,-12.5339,-6.3353,-12.3577,-9.5638,-13.5112,-11.7652,-7.0890,-10.2885,-6.2281,-0.0056,-12.1533,-10.6032,-8.6877,-12.2130,-11.2589,-9.9851,-7.6115
51,C,K,K,51,1.8211,-7.7093,-10.3898,-6.9436,-4.2300,-9.9221,-9.0621,-7.9116,-6.8680,-0.1400,-7.5015,-7.6937,-3.7002,-11.4777,-4.4081,-2.7729,-5.0515,-5.2699,-7.1155,-10.1926,-8.1511
52,C,L,L,52,1.2296,-5.6126,-8.2338,-11.0562,-8.6500,-8.8044,-8.0896,-9.3331,-7.1501,-7.5605,-0.0364,-7.7409,-7.8439,-9.0406,-6.6636,-3.7946,-6.8035,-7.3359,-5.7634,-9.2137,-10.2791
53,C,L,L,53,1.0099,-13.5201,-11.2354,-15.9327,-13.8399,-12.1930,-15.8995,-14.9486,-8.0359,-13.9957,-0.0011,-7.6381,-14.1355,-19.6839,-11.4532,-12.0354,-12.8681,-13.8565,-8.4026,-12.6193,-13.8417
54,C,I,I,54,1.0992,-11.5114,-10.9712,-14.1528,-13.8385,-8.5883,-12.7726,-11.5032,-0.0167,-12.2874,-7.0621,-8.1563,-8.4674,-15.7161,-11.1360,-11.8972,-8.6159,-8.2286,-4.2336,-10.8884,-10.9147
55,C,Y,Y,55,1.4064,-9.2983,-8.4007,-8.6401,-11.1355,-3.2489,-10.7855,-3.4899,-11.2339,-8.6075,-10.0876,-12.7802,-6.9540,-14.3287,-10.1644,-9.2213,-5.9350,-9.1314,-10.5102,-7.3027,-0.0776
56,C,S,S,56,2.4696,-5.3619,-8.8500,-4.1520,-6.2343,-5.6371,-4.2074,-7.3069,-8.9378,-6.5614,-4.8881,-8.5947,-5.5125,-11.6388,-7.1876,-5.4024,-0.3097,-6.7917,-8.8100,-1.6552,-4.2839
57,C,A,A,57,1.0088,-0.0011,-14.8859,-18.6693,-19.8918,-18.5243,-9.3980,-19.1920,-22.1361,-20.2035,-18.6676,-17.7449,-17.1204,-14.8903,-18.3318,-19.7637,-6.9330,-11.1412,-15.7716,-22.0641,-20.5899
65,C,S,S,65,1.1458,-5.6054,-9.9585,-9.3615,-12.2242,-4.4471,-7.4414,-8.7713,-9.4210,-8.0648,-7.7278,-10.8979,-7.0706,-12.2210,-10.9630,-7.5212,-0.0214,-6.8166,-11.1449,-8.7032,-6.5860
66,C,Y,F,66,5.0006,-4.9724,-9.2653,-7.1361,-7.6507,-1.2214,-7.6104,-5.8340,-4.5621,-6.0550,-5.9360,-7.6072,-3.8911,-9.4297,-8.0266,-5.1689,-2.2351,-1.3966,-6.1697,-4.9725,-1.2462
67,C,R,L,67,1.7533,-8.3458,-11.5367,-13.6668,-11.4899,-9.6636,-9.1946,-11.0222,-8.1646,-9.9861,-0.2688,-7.6870,-10.1576,-11.6548,-8.5978,-1.4531,-9.5069,-8.6146,-9.0315,-10.9939,-10.3612
68,C,Y,Y,68,1.2518,-7.4594,-8.4817,-7.7416,-7.4433,-5.1876,-6.7515,-3.5235,-10.7503,-10.3006,-8.8715,-10.6006,-6.4024,-13.0209,-8.8824,-8.4196,-7.2722,-9.0170,-10.2712,-6.9806,-0.0430
69,C,T,S,69,2.6255,-4.8098,-8.5919,-4.3924,-6.7136,-5.2442,-5.5538,-7.0221,-4.3366,-6.2385,-6.4046,-7.9613,-3.9591,-4.4914,-7.7055,-5.2010,-0.2995,-1.8028,-7.0070,-6.9574,-4.9833
70,C,G,G,70,1.0410,-7.9953,-13.0922,-6.5281,-7.8594,-9.8797,-0.0048,-9.8065,-12.3047,-9.0731,-10.3651,-12.2803,-6.7680,-11.6793,-10.5497,-7.9359,-7.6011,-8.7363,-10.3632,-9.9840,-9.6422
71,C,V,V,71,1.0050,-10.5353,-16.2250,-14.8351,-14.7440,-16.2464,-14.5335,-20.3372,-9.0677,-18.0579,-12.7863,-12.5423,-15.0091,-17.7511,-17.4403,-16.6078,-16.6374,-7.8753,-0.0005,-18.7186,-18.7443
72,C,P,P,72,1.0123,-8.4107,-16.5135,-10.4589,-9.8018,-13.0670,-11.4224,-9.2483,-13.3527,-11.4704,-10.8353,-15.3353,-12.2084,-0.0014,-11.3277,-10.0209,-7.1109,-10.9041,-12.0554,-14.7267,-13.3844
74,C,S,S,74,2.3690,-4.0599,-9.6705,-1.5355,-4.6676,-6.2131,-6.0824,-5.8408,-6.4668,-7.4401,-6.9666,-8.5076,-5.2653,-6.0709,-5.7876,-6.8972,-0.3189,-5.7727,-6.2236,-7.2498,-5.7655
75,C,R,R,75,1.1147,-8.8380,-8.5408,-9.4072,-7.9229,-8.6040,-7.7990,-6.3268,-8.2984,-4.7994,-7.1997,-8.7238,-8.4263,-9.8132,-6.7473,-0.0157,-9.0620,-9.2171,-8.4153,-7.0432,-8.4201
76,C,F,F,76,1.0216,-14.1452,-14.0033,-17.7004,-17.2142,-0.0027,-16.3881,-14.1759,-7.7275,-16.6463,-6.3340,-10.8415,-15.8133,-20.3012,-16.9844,-17.9025,-17.5342,-16.3625,-7.9989,-11.3204,-9.1990
77,C,S,T,77,3.0262,-4.2075,-10.5286,-8.9100,-6.4450,-8.5103,-8.1156,-8.1626,-3.2039,-3.6197,-8.2798,-7.5095,-5.2927,-12.3967,-6.3924,-4.5671,-1.1465,-0.5536,-5.4299,-12.3363,-8.3241
78,C,G,G,78,1.0000,-13.6859,-18.9203,-17.8059,-17.8809,-19.1144,-0.0000,-19.9882,-20.2185,-20.5859,-17.3582,-21.5551,-18.7302,-18.9520,-19.2793,-17.2704,-17.3464,-21.0677,-19.0242,-21.0906,-21.5474
79,C,S,S,79,1.2125,-6.4152,-10.7087,-8.6787,-8.6196,-8.0457,-5.5752,-8.9527,-8.8292,-8.1182,-8.7181,-9.2386,-8.3392,-11.4386,-8.6056,-5.4646,-0.0343,-3.8495,-9.9597,-9.2367,-7.3586
80,C,G,G,80,1.0036,-9.2512,-15.1496,-10.3552,-11.0609,-12.6964,-0.0003,-11.6185,-16.4231,-12.2801,-12.6170,-15.9989,-12.1316,-15.7111,-12.8784,-8.9674,-12.1483,-15.4345,-14.1384,-15.2142,-10.4375
83,C,S,S,83,1.5723,-4.9556,-9.1646,-8.9821,-9.9606,-4.1248,-9.1619,-5.9718,-9.8795,-8.1040,-9.7925,-10.4755,-5.9820,-14.2719,-8.9668,-6.9551,-0.1066,-5.2236,-10.5991,-7.6972,-2.7324
84,C,G,G,84,1.0149,-7.7060,-13.4439,-8.7747,-8.1160,-12.0223,-0.0016,-10.5659,-13.7187,-9.3379,-10.7533,-12.3782,-11.3576,-14.0891,-10.1869,-8.0490,-9.3576,-10.7394,-11.4317,-11.4619,-11.1868
85,C,T,T,85,1.1179,-6.6796,-10.6443,-10.6878,-7.6442,-7.6030,-10.1850,-9.7070,-7.6815,-6.4212,-5.9961,-7.1053,-8.3165,-11.5708,-5.8177,-6.0930,-7.3793,-0.0149,-9.9929,-11.0727,-7.0325
86,C,D,D,86,1.8118,-7.0114,-13.2736,-0.2832,-1.4207,-10.6457,-7.7765,-6.8590,-10.5384,-9.7295,-9.5111,-8.4136,-7.3523,-13.1640,-6.8189,-11.2669,-9.5540,-8.6518,-8.9056,-11.9618,-8.6417
87,C,F,F,87,1.0096,-13.9928,-14.7909,-16.5336,-18.3577,-0.0011,-15.9661,-12.8749,-12.6133,-17.0175,-8.3596,-9.1700,-16.3401,-18.5116,-14.9144,-14.6787,-14.8222,-15.9431,-11.4540,-12.4586,-7.2292
88,C,T,T,88,1.0161,-8.7866,-12.1142,-13.2862,-10.0334,-11.8238,-14.2473,-14.5847,-6.8441,-12.4812,-13.3551,-10.8054,-10.5475,-17.6591,-11.3150,-13.5690,-8.4695,-0.0018,-8.1879,-17.1637,-11.8162
89,C,L,L,89,1.0176,-14.4720,-13.3622,-17.0148,-15.3034,-6.1033,-15.4658,-13.2802,-10.8126,-16.9790,-0.0024,-9.7990,-15.9897,-19.2607,-12.1737,-15.4382,-14.6379,-15.3114,-9.9345,-13.5978,-14.3615
90,C,T,T,90,1.0163,-8.5861,-12.7901,-12.6522,-12.2267,-15.9121,-12.9546,-15.1041,-6.9755,-11.0629,-13.2851,-10.6562,-8.3899,-17.9925,-13.7591,-11.7183,-7.9108,-0.0019,-9.5723,-19.0393,-16.1238
91,C,I,I,91,1.0212,-14.2208,-14.3922,-18.0025,-16.5579,-12.8319,-17.0113,-19.5175,-0.0029,-16.5357,-7.8740,-11.4208,-15.6455,-20.4814,-17.5918,-16.5606,-16.3779,-13.9772,-5.9959,-17.1262,-18.0219
92,C,S,S,92,1.5540,-5.7781,-8.8742,-6.5561,-7.9068,-8.6968,-5.8975,-7.5370,-6.5479,-6.3934,-5.3743,-8.3519,-4.8478,-9.2874,-7.6572,-5.0415,-0.0983,-2.7848,-7.7267,-11.2519,-8.9767
93,C,S,S,93,1.0585,-7.1752,-9.4948,-8.9093,-10.3023,-10.2420,-8.9714,-9.5640,-10.6361,-9.8761,-11.3554,-13.0546,-5.8951,-10.2538,-7.3145,-7.0964,-0.0074,-6.4144,-12.5156,-13.3708,-9.4406
94,C,L,L,94,1.2393,-11.1510,-14.9024,-17.0234,-16.5279,-13.4814,-15.6948,-18.2156,-6.9291,-17.2723,-0.0526,-6.4668,-17.6326,-11.9055,-15.2215,-15.2067,-14.3255,-10.2163,-3.0228,-18.3596,-19.1846
95,C,Q,Q,95,1.1646,-11.0961,-12.9322,-9.7554,-5.8936,-10.6291,-12.0765,-4.6566,-8.5439,-4.8413,-6.3789,-8.5979,-7.8593,-11.4485,-0.0246,-6.6593,-10.3519,-10.3186,-10.4919,-12.2613,-8.4896
96,C,P,P,96,1.3518,-3.1012,-7.4580,-8.9378,-8.7155,-8.9843,-8.9928,-7.5861,-9.3436,-9.8475,-7.9107,-10.8890,-10.4771,-0.0644,-7.8881,-8.1267,-5.0055,-6.1122,-5.3138,-9.6241,-7.3907
97,C,E,E,97,1.1281,-8.9202,-15.3675,-3.7391,-0.0249,-14.1222,-9.6322,-10.0611,-12.1562,-12.2599,-12.6358,-12.4111,-10.5442,-11.7815,-7.6660,-14.2234,-12.2979,-12.2963,-9.5139,-14.1357,-12.1676
98,C,D,D,98,1.0010,-13.5786,-15.4016,-0.0001,-10.9147,-13.6975,-14.7139,-10.2782,-15.6608,-19.7430,-15.5413,-15.7333,-10.4641,-19.3117,-17.0902,-20.9182,-15.6244,-15.3813,-13.9335,-18.5600,-13.6701
99,C,F,F,99,1.0070,-11.7215,-14.2209,-14.0811,-13.2709,-0.0007,-13.6134,-11.8782,-9.2455,-16.2706,-8.8904,-12.5634,-15.6310,-13.7524,-16.0157,-15.2400,-12.6071,-13.3371,-10.3080,-12.1484,-7.7362
100,C,A,A,100,1.0140,-0.0016,-9.5367,-12.4890,-13.7761,-15.8201,-8.8622,-17.4378,-12.5052,-17.9385,-14.3350,-13.4962,-13.7283,-15.8006,-15.5037,-16.0466,-8.5686,-7.1005,-7.9821,-20.4405,-17.1507
101,C,T,T,101,1.9546,-5.5355,-7.7216,-6.5675,-6.1490,-8.4245,-8.6752,-8.5697,-3.2777,-7.1814,-7.1201,-5.3937,-5.6549,-14.0406,-7.3870,-6.2949,-5.0057,-0.1844,-2.2702,-10.7198,-9.5876
102,C,Y,Y,102,1.0603,-12.9820,-10.3972,-14.0161,-15.5111,-4.5930,-15.2379,-9.5000,-11.8607,-14.3969,-10.3433,-13.6983,-11.8986,-16.4958,-14.3800,-13.9616,-12.1067,-13.4773,-12.5053,-12.2407,-0.0103
103,C,Y,Y,103,1.4142,-13.3534,-10.0263,-12.2843,-12.8688,-2.3714,-14.9118,-5.2115,-11.7013,-12.4571,-10.1100,-13.0762,-9.4647,-16.7406,-11.2495,-12.9778,-10.6735,-12.2357,-12.7063,-10.1620,-0.1043
104,C,C,C,104,1.0016,-9.4129,-0.0001,-15.7922,-17.6257,-12.9429,-11.6522,-15.2316,-17.0317,-18.9648,-16.5315,-16.4436,-14.3219,-15.7222,-14.8963,-16.5355,-9.9222,-14.0611,-15.4207,-15.3161,-15.2177
105,C,Q,Q,105,1.0128,-10.2773,-12.7136,-15.6469,-10.1678,-15.2034,-10.9586,-7.4171,-13.2903,-8.1737,-9.0589,-9.5595,-11.8244,-16.4166,-0.0014,-8.8924,-10.9696,-11.4956,-10.6822,-15.3909,-16.1886
106,C,Q,Q,106,1.1424,-12.7304,-13.7745,-14.3099,-6.9260,-12.2852,-12.8547,-3.6648,-12.3719,-8.7345,-10.6973,-11.8603,-10.0837,-11.0339,-0.0276,-8.1891,-11.8391,-11.1051,-11.5008,-12.9943,-10.0963
107,C,Y,Y,107,1.7513,-8.1308,-8.9623,-7.0487,-9.5391,-2.1334,-8.5211,-3.4755,-8.0080,-9.2883,-7.3488,-10.9164,-8.8279,-13.0547,-8.7157,-7.7561,-5.9642,-8.6243,-7.8113,-6.5581,-0.1712
108,C,Y,Y,108,5.4715,-2.7612,-6.9704,-3.7540,-4.5675,-2.9264,-3.4821,-3.3452,-6.9884,-4.7653,-4.7613,-6.2279,-3.4562,-7.6773,-5.1688,-4.7100,-2.1679,-4.1775,-7.7487,-3.9005,-0.5703
109,C,I,S,109,4.8917,-4.4666,-6.3033,-4.7643,-5.4127,-4.7278,-3.9271,-5.2612,-4.2340,-4.3835,-5.0727,-5.7556,-3.2570,-8.5129,-5.6962,-2.7978,-0.5558,-1.8960,-5.3670,-5.8122,-2.6724
114,C,Y,Y,114,4.1729,-5.1995,-8.8978,-5.8786,-7.4786,-3.4492,-7.3298,-3.8497,-3.9511,-6.9157,-3.8491,-7.1266,-4.4783,-7.4129,-7.2133,-4.1816,-2.1614,-2.0635,-5.2020,-4.6287,-0.4951
115,C,P,P,115,1.1596,-6.5183,-10.4179,-7.4971,-7.7980,-8.4500,-7.9440,-7.9201,-8.1181,-9.5100,-6.7085,-9.2671,-7.2429,-0.0218,-8.2227,-6.8628,-4.7250,-5.4910,-8.1004,-8.0834,-7.1228
116,C,Y,Y,116,7.8821,-5.3405,-5.3698,-7.0214,-6.2873,-2.3796,-7.1294,-4.2367,-2.4758,-6.8444,-3.9341,-6.6402,-5.1823,-3.3592,-4.4934,-3.4655,-4.7886,-3.2208,-2.0417,-1.7598,-1.0759
117,C,T,T,117,1.2067,-4.6907,-9.0378,-8.8569,-8.5582,-8.1992,-8.6952,-8.8875,-6.3285,-9.5756,-9.3011,-7.6896,-6.3983,-10.1860,-8.9445,-8.6061,-4.1904,-0.0319,-6.6018,-10.2419,-8.2899
118,C,F,F,118,1.0091,-11.4260,-11.0056,-14.0259,-14.9894,-0.0010,-14.1906,-12.7999,-11.8080,-15.5198,-8.3555,-10.7004,-12.1151,-13.7344,-13.7426,-13.2661,-9.5449,-11.4427,-11.1464,-9.3160,-7.6904
119,C,G,G,119,1.0132,-6.8071,-11.5872,-8.8954,-9.9181,-13.7393,-0.0015,-13.5395,-14.3455,-13.8873,-13.4310,-13.9143,-12.9115,-15.0268,-12.0560,-12.5111,-8.4805,-11.6322,-11.7627,-13.2135,-13.8092
120,C,Q,Q,120,1.4180,-6.6259,-10.1396,-8.2135,-5.5039,-10.2464,-4.0503,-5.9812,-10.0972,-6.8622,-5.5242,-8.8256,-9.1632,-3.5272,-0.0677,-5.4975,-8.0403,-7.9197,-8.3565,-11.4459,-9.8142
121,C,G,G,121,1.0001,-13.0108,-17.1194,-14.8154,-14.9955,-19.1745,-0.0000,-18.3591,-20.8788,-17.1185,-16.6087,-18.6390,-17.8838,-18.4176,-17.0619,-14.7214,-14.0574,-17.2737,-16.8490,-16.9088,-18.7044
122,C,T,T,122,1.0215,-7.3047,-10.1023,-15.2319,-15.5808,-13.1311,-13.1514,-15.6273,-10.7007,-15.4778,-16.0550,-13.3418,-11.3389,-15.4730,-15.7933,-14.8749,-6.2113,-0.0028,-10.6218,-17.1552,-15.0452
123,C,K,K,123,2.0851,-6.2319,-9.8228,-6.2260,-4.2207,-7.1933,-7.1269,-5.1643,-7.8969,-0.1807,-4.6133,-6.4492,-4.4241,-7.1644,-4.1957,-2.4234,-5.7482,-5.0050,-7.4506,-8.0251,-8.3446
124,C,V,V,124,1.0099,-10.9127,-14.0277,-16.0467,-14.7670,-12.7253,-13.9557,-17.5110,-8.0129,-17.8175,-7.1446,-12.8107,-16.2318,-15.8623,-16.3642,-17.7703,-15.8519,-11.5534,-0.0012,-16.0424,-16.6641
125,C,E,E,125,1.1402,-5.9265,-11.3976,-5.0724,-0.0201,-11.4914,-10.1363,-10.1356,-9.0615,-8.7193,-8.5349,-7.7349,-10.0199,-14.3006,-5.0508,-11.1180,-8.8230,-5.9698,-7.1483,-12.9028,-11.6510
126,C,I,I,126,3.6031,-4.6729,-5.5892,-8.9443,-5.6495,-5.2879,-6.3202,-7.0239,-0.4061,-6.5882,-2.8252,-4.5787,-6.5877,-5.8001,-4.4681,-3.6167,-4.8546,-2.9333,-2.0325,-6.8503,-5.9806
127,C,K,K,127,3.2331,-3.9777,-7.1523,-4.1456,-3.2156,-5.0042,-6.1138,-5.0819,-8.3636,-0.2992,-3.4033,-7.0082,-3.1153,-7.5460,-3.9649,-3.7092,-3.2767,-5.6856,-6.0489,-9.2568,-6.4422
128,C,R,R,128,4.7649,-3.8893,-6.7934,-5.8716,-5.1537,-6.9724,-3.1484,-6.1227,-4.9631,-3.1773,-5.0640,-7.1964,-4.8298,-4.7820,-5.4463,-0.6188,-1.6062,-2.4869,-3.8599,-8.5680,-5.6055
129,C,T,P,129,8.7121,-2.3298,-5.8538,-2.2983,-3.2928,-4.0534,-3.4225,-5.0067,-5.2863,-4.9790,-3.3317,-5.8563,-4.4825,-1.3199,-4.6970,-4.9090,-1.3840,-4.0543,-2.4980,-6.1908,-4.8479
130,C,V,L,130,5.9320,-3.6574,-6.7533,-5.5242,-4.2365,-3.6183,-2.9136,-5.3484,-2.6897,-4.5144,-0.5457,-4.0930,-5.6681,-4.2059,-3.2901,-3.7448,-3.9684,-3.4986,-2.9930,-5.3111,-4.5758
131,C,A,S,131,8.0815,-2.8773,-6.8260,-2.5109,-3.4721,-5.6922,-2.1761,-5.9496,-6.6355,-3.1312,-2.7284,-4.5797,-3.7350,-5.1428,-3.3879,-3.0021,-0.8852,-2.8751,-5.8026,-7.8454,-5.3511
132,C,A,S,132,4.5557,-1.3963,-7.8264,-6.0410,-4.3772,-6.7300,-4.9992,-5.8311,-6.4420,-3.8929,-5.0679,-6.5556,-4.6989,-6.8600,-4.0081,-3.1029,-0.6965,-2.1527,-5.1631,-7.1052,-6.0836
133,C,P,P,133,1.0937,-5.1494,-9.2682,-8.2685,-7.8273,-7.8526,-7.0391,-9.0257,-10.7724,-10.2594,-9.0113,-11.0695,-8.8192,-0.0125,-8.3615,-9.4352,-5.9118,-8.3062,-7.3228,-10.6995,-8.4099
134,C,S,S,134,10.5538,-1.9068,-5.6490,-4.1891,-4.5562,-2.0057,-4.7717,-3.4640,-4.1109,-3.9077,-3.6161,-5.6696,-3.4459,-8.6202,-4.3021,-3.1865,-1.6427,-2.3843,-4.0800,-4.7171,-1.6998
135,C,V,V,135,7.7291,-1.7766,-2.8709,-7.0989,-7.1444,-3.0971,-3.8905,-6.1410,-3.0128,-7.3572,-2.5072,-6.6895,-6.6679,-1.6525,-5.6127,-5.5136,-3.4192,-4.1192,-1.1724,-6.1703,-4.5105
136,C,F,G,136,7.3877,-1.4584,-4.7631,-5.2426,-4.5957,-3.7774,-0.9633,-2.8184,-8.4669,-3.4958,-3.1541,-6.7433,-3.9008,-8.5180,-3.4270,-2.7306,-3.2403,-4.7603,-6.9088,-7.0115,-3.2921
137,C,I,T,137,10.7858,-2.0566,-2.7975,-7.9501,-5.8712,-5.3058,-3.0288,-5.2734,-2.7222,-6.7415,-2.4712,-4.3898,-4.6066,-4.4867,-2.0621,-4.1119,-2.0095,-1.9485,-1.9688,-5.5061,-7.3035
138,C,F,S,138,8.9884,-2.0730,-5.3355,-3.6170,-4.2735,-2.7140,-1.7664,-2.2962,-8.9342,-4.5917,-5.5513,-6.8229,-4.2652,-12.0043,-2.0550,-6.5529,-1.7235,-5.3685,-6.7911,-6.5774,-1.9221
139,C,P,Q,139,6.1246,-3.7387,-5.8756,-4.5472,-3.3281,-5.7505,-2.8005,-1.1401,-7.7116,-4.2529,-4.6644,-6.4292,-3.6783,-5.3266,-1.0020,-3.9645,-2.5506,-4.6354,-7.7917,-7.6878,-4.3696
140,C,P,P,140,1.6430,-4.5384,-7.2384,-7.8848,-7.4483,-9.0725,-6.4607,-7.7065,-7.8670,-6.5714,-6.9229,-10.3154,-6.3234,-0.1165,-6.0546,-5.5577,-2.6394,-4.4090,-7.1611,-9.4840,-8.1375
141,C,S,S,141,2.8503,-1.7502,-7.3736,-5.0662,-8.2608,-7.1033,-1.5932,-7.7223,-11.1481,-8.3462,-7.3155,-11.0593,-7.3110,-5.9573,-7.8525,-8.5864,-0.5048,-5.2637,-9.7116,-8.5695,-7.2336
142,C,D,S,142,8.4461,-1.5760,-5.3064,-4.7030,-4.8579,-3.7436,-4.2192,-7.0204,-3.7933,-5.7343,-2.3140,-6.6741,-5.2630,-2.6194,-3.8391,-5.4620,-1.4299,-2.4964,-1.7361,-8.5368,-5.4378
143,C,E,F,143,13.4125,-2.9694,-4.4301,-2.8427,-4.1833,-1.8048,-3.8040,-3.3341,-3.6413,-3.1267,-2.3596,-5.3015,-2.9120,-4.6146,-3.7726,-3.8592,-2.0096,-4.0301,-1.9705,-7.8965,-2.6401
144,C,Q,L,144,10.8998,-1.7893,-6.0541,-2.8192,-2.8813,-1.7596,-3.7819,-2.8027,-4.8508,-5.0554,-1.5824,-5.6431,-4.0407,-6.5801,-3.6080,-4.5094,-3.2850,-4.3593,-2.8376,-5.7933,-2.7006
145,C,L,L,145,5.8594,-4.0983,-7.5968,-5.9307,-4.0202,-4.8079,-6.1472,-7.2419,-2.3204,-3.5141,-1.0193,-2.7659,-6.6654,-7.4622,-5.6666,-2.9246,-5.9687,-4.0058,-1.1607,-7.1164,-5.1747
146,C,K,P,146,10.2767,-2.5248,-6.2063,-4.0145,-3.2208,-3.8131,-3.3722,-4.4085,-3.3021,-3.4349,-3.6099,-6.4037,-4.3563,-1.1696,-5.0287,-4.5000,-2.4283,-2.4345,-1.9204,-7.2801,-3.5202
147,C,S,S,147,5.2799,-3.3269,-6.5484,-1.5390,-2.4576,-5.8736,-4.5493,-6.2387,-5.3023,-5.3963,-4.7435,-6.6868,-3.8677,-6.4982,-4.6181,-5.5526,-0.7763,-2.0917,-5.2288,-8.3372,-6.0918
148,C,G,G,148,2.0794,-4.9217,-6.8108,-3.9769,-4.1915,-7.8797,-0.1765,-6.9884,-7.1712,-5.8021,-7.1318,-9.6849,-5.4536,-5.2336,-6.7384,-5.1314,-2.4947,-4.4022,-7.2611,-8.9236,-6.6757
149,C,T,T,149,9.4744,-3.2876,-6.7664,-2.5491,-1.6064,-3.7905,-4.6269,-3.9292,-3.4537,-2.3299,-4.1618,-6.0721,-2.6578,-7.0494,-4.2953,-4.1725,-3.6409,-1.1978,-4.2315,-6.1714,-3.2400
150,C,A,A,150,4.0311,-0.4369,-5.5209,-7.3732,-6.8607,-3.5984,-6.5042,-3.9016,-5.2960,-5.4571,-5.6915,-5.2679,-4.7990,-5.5654,-5.4570,-4.7576,-2.1295,-3.4196,-3.4874,-7.0340,-2.6117
151,C,S,V,151,11.7923,-2.4968,-4.6626,-5.0631,-4.7339,-1.9762,-4.5419,-3.7124,-2.8405,-3.6057,-2.3405,-3.1405,-2.9987,-6.2924,-5.3827,-3.7485,-3.3509,-2.8548,-1.3804,-5.4379,-2.7176
152,C,V,L,152,2.9573,-7.4694,-9.4060,-7.5489,-7.4473,-4.4605,-9.7190,-7.5805,-1.7988,-8.0172,-0.5105,-5.5023,-7.6879,-9.6187,-7.2961,-6.8407,-7.3945,-6.4302,-1.5780,-7.5869,-5.3751
153,C,V,Y,153,5.7823,-3.9611,-4.4820,-4.0919,-3.9972,-1.2036,-3.8251,-2.9172,-5.1720,-8.4120,-2.9022,-5.0758,-4.3416,-10.7871,-4.4432,-8.9992,-3.6523,-5.4898,-4.2654,-6.4042,-0.8655
154,C,C,C,154,2.9879,-3.8825,-0.2931,-6.4469,-7.2978,-2.4928,-6.7692,-5.4793,-5.0094,-8.2647,-3.4916,-6.0071,-5.3769,-11.8995,-6.1559,-7.6692,-2.9703,-4.8345,-4.1296,-5.8941,-4.0165
155,C,L,L,155,9.4869,-2.3930,-5.0533,-5.8132,-3.9035,-2.8442,-2.2548,-2.3937,-5.1759,-6.0042,-1.2168,-4.7187,-5.1438,-6.2040,-1.9386,-5.5991,-3.2260,-4.7377,-2.7470,-5.7299,-3.2140
156,C,L,L,156,4.9184,-2.9761,-4.0071,-6.3518,-2.9524,-4.5286,-4.1436,-4.4762,-5.3226,-6.6968,-0.6466,-4.0999,-5.2099,-9.2645,-1.4785,-5.2727,-3.3039,-6.5080,-4.3542,-8.4223,-6.0457
157,C,N,S,157,9.1104,-4.6526,-7.4521,-3.2428,-3.9809,-4.7636,-4.0226,-2.5565,-6.5486,-3.6088,-3.6733,-6.9047,-2.7037,-6.8134,-2.6891,-2.0693,-1.0947,-3.7042,-5.6145,-4.2134,-2.0154
158,C,N,S,158,10.2416,-3.2481,-5.8653,-1.9142,-2.4989,-4.7266,-3.2762,-4.0802,-5.0763,-3.4832,-4.0851,-5.4052,-2.4967,-8.6057,-3.2117,-2.6163,-1.1661,-3.1565,-5.7694,-4.3733,-3.1923
159,C,F,F,159,3.0784,-6.8672,-7.5069,-8.3531,-8.1590,-0.7701,-7.7976,-2.5732,-6.1557,-7.3767,-5.1024,-6.2065,-7.1303,-11.8063,-5.5244,-5.5287,-6.2092,-6.4505,-6.4101,-4.6429,-0.8586
160,C,Y,Y,160,11.5894,-3.5000,-6.7075,-3.6757,-4.5097,-2.9713,-5.3511,-1.7048,-3.6345,-3.9846,-3.3446,-4.8936,-2.8502,-7.1213,-3.4882,-2.4851,-3.2067,-2.4631,-3.9455,-3.1375,-1.4033
161,C,P,P,161,1.4854,-7.4685,-7.6439,-7.1564,-8.2817,-5.8043,-6.7813,-7.3032,-5.6926,-9.8002,-5.9352,-8.3555,-6.5793,-0.0769,-8.2115,-6.2346,-3.2349,-4.5267,-6.7455,-6.4546,-5.4527
162,C,R,Y,162,12.7269,-2.1692,-6.7121,-4.2486,-3.7563,-2.4461,-5.0215,-4.1431,-3.6012,-3.6864,-2.2091,-5.5837,-3.5144,-2.4524,-4.3494,-2.0829,-2.6207,-2.7834,-4.6197,-4.9229,-1.7909
163,C,E,T,163,9.3060,-1.9505,-8.4124,-1.6094,-3.1931,-4.5348,-2.2181,-5.2814,-4.0360,-4.2693,-3.9786,-5.4986,-3.0210,-6.8175,-4.2310,-4.0246,-2.3446,-1.4320,-5.1230,-5.9883,-4.4230
164,C,A,A,164,5.9934,-0.9867,-4.8623,-8.8015,-9.0801,-3.5572,-7.2268,-7.4805,-2.6926,-7.8279,-2.4978,-4.7881,-6.3698,-8.0060,-7.6566,-7.1227,-2.8942,-1.4798,-2.0185,-7.9456,-4.4960
165,C,K,T,165,12.6049,-2.0913,-6.8919,-3.3985,-3.5484,-2.2560,-3.5624,-4.0766,-2.6455,-3.1646,-2.3031,-4.5624,-2.7917,-8.3070,-4.2669,-4.1567,-2.2409,-1.6662,-3.3246,-6.0202,-4.2278
166,C,V,L,166,3.8512,-3.6659,-5.9694,-9.1236,-7.3289,-3.3584,-4.3664,-8.3718,-2.9821,-7.3895,-0.4548,-4.6126,-7.0713,-10.5396,-6.2385,-3.7165,-5.6221,-5.4512,-1.8144,-3.8221,-4.8690
167,C,Q,T,167,6.4216,-3.3105,-6.8082,-5.5744,-2.9610,-4.2921,-5.6775,-6.1182,-2.6104,-2.9900,-3.6115,-4.5002,-6.0000,-8.9643,-2.0220,-4.4719,-3.8838,-0.7296,-2.6018,-6.7480,-6.6996
168,C,W,W,168,1.9087,-5.3566,-5.8305,-9.0706,-7.7465,-4.5983,-4.9066,-6.6343,-5.3646,-8.9277,-2.5184,-5.1911,-9.2104,-6.3887,-7.0170,-6.1729,-6.8601,-6.8100,-4.2933,-0.1521,-5.9599
169,C,K,F,169,4.9402,-4.6858,-5.0763,-9.7597,-7.0479,-0.5144,-7.1306,-3.5365,-3.2701,-3.1014,-4.6183,-5.2698,-6.1778,-9.0545,-4.0494,-3.4452,-4.1752,-3.3022,-3.4905,-5.4838,-2.1247
170,C,V,R,170,5.3940,-5.9168,-7.6098,-6.7535,-4.7087,-5.2771,-7.8313,-2.7227,-5.4304,-2.8283,-1.9142,-6.6874,-6.8841,-7.6111,-1.2537,-0.9772,-4.4158,-5.5447,-4.4365,-4.7762,-5.6145
171,C,D,S,171,6.6299,-4.4124,-5.5289,-2.3266,-2.9358,-4.2853,-1.4181,-4.7759,-6.3476,-3.9324,-3.0852,-5.1524,-4.6147,-5.4553,-3.3467,-5.6657,-0.8940,-4.2536,-4.8406,-4.8011,-5.5749
172,C,N,G,172,7.2700,-3.6300,-8.3547,-2.8766,-2.5255,-6.4668,-0.8595,-3.6809,-7.0801,-2.5688,-5.5390,-7.2500,-3.2419,-7.5048,-4.2238,-3.6652,-2.0585,-2.4753,-5.4461,-7.1481,-4.8374
173,C,A,E,173,9.5029,-3.2240,-6.3819,-4.2108,-1.3760,-4.7662,-4.8482,-3.6332,-3.2587,-1.6782,-2.9999,-4.3046,-3.0650,-9.3426,-1.7270,-4.0513,-5.1285,-2.6634,-3.2292,-8.6861,-5.9900
174,C,L,P,174,8.1222,-2.5472,-7.4255,-5.6053,-4.3374,-3.9454,-4.9091,-4.8586,-4.7208,-5.0160,-1.6190,-5.8538,-5.6415,-1.4086,-3.9441,-1.7387,-2.0129,-2.7035,-5.1546,-6.2703,-6.2187
175,C,Q,I,175,9.7557,-5.5454,-6.7197,-4.7000,-4.3911,-4.2925,-4.6322,-4.0506,-1.1680,-2.8118,-2.2472,-5.1810,-1.9998,-5.4560,-4.2878,-2.7850,-2.6587,-2.8084,-2.5018,-6.3416,-3.8610
176,C,S,T,176,4.6063,-3.2197,-8.5835,-5.2671,-4.7650,-4.6882,-5.1997,-6.2901,-4.8878,-3.7493,-4.7681,-7.3761,-4.3060,-2.7711,-5.0201,-4.7463,-0.9568,-0.8971,-6.1943,-8.0239,-5.5743
177,C,G,G,177,1.0781,-8.0010,-11.0857,-5.4390,-6.4368,-10.8677,-0.0103,-9.4833,-12.2464,-8.5580,-11.2752,-13.1154,-7.7069,-9.4795,-9.4799,-7.0106,-6.2038,-9.7674,-9.8441,-11.2298,-10.3614
178,C,N,R,178,5.6636,-2.7462,-7.2078,-7.2577,-5.3432,-5.7774,-5.3905,-5.4719,-3.2452,-3.5466,-4.7752,-7.7202,-6.0367,-2.8609,-5.8477,-0.7091,-3.3321,-2.5644,-1.7703,-6.8251,-6.0064
179,C,S,A,179,7.3327,-1.0188,-3.2984,-8.5645,-5.5190,-2.1523,-2.2165,-6.1400,-4.5440,-7.3963,-4.3467,-6.0894,-7.3887,-5.4973,-5.7484,-6.2352,-2.1684,-2.0357,-3.0928,-7.8667,-3.1366
180,C,Q,A,180,10.5217,-1.4860,-6.0438,-6.3184,-2.9798,-2.5624,-3.7209,-4.9841,-3.9581,-1.6937,-3.7779,-5.2155,-6.1563,-6.0587,-2.4491,-2.1782,-3.3887,-2.6172,-2.9208,-6.0225,-4.4079
181,C,E,L,181,12.5162,-4.0988,-5.2656,-3.8296,-4.3583,-2.9129,-3.5874,-4.0184,-3.1353,-2.9812,-1.5273,-4.8624,-3.5837,-4.5787,-3.1962,-1.6988,-4.2114,-3.4785,-2.5011,-2.2635,-3.4687
182,C,S,F,182,5.1946,-4.7739,-2.9802,-7.3204,-7.3033,-0.8503,-5.7903,-5.0735,-4.0293,-6.8754,-2.0626,-4.2865,-5.1911,-8.0980,-4.0468,-5.4228,-1.2709,-5.3880,-3.8828,-7.9793,-4.6764
183,C,V,L,183,4.4292,-4.0663,-4.9990,-5.3098,-3.5210,-2.8276,-6.1349,-2.9757,-3.7003,-6.1284,-0.4249,-6.1856,-5.4163,-8.4827,-3.1233,-4.7485,-4.4281,-5.0319,-3.7849,-6.8767,-3.0593
184,C,T,T,184,11.8310,-2.8721,-4.1375,-2.6741,-3.1259,-3.9213,-5.2007,-4.1440,-3.2115,-4.2694,-2.4453,-6.4604,-4.1881,-6.2852,-3.4824,-2.2320,-2.3363,-1.4814,-2.0230,-5.8056,-4.1052
185,C,E,Y,185,8.6419,-4.1165,-3.6442,-3.8665,-5.1991,-1.2515,-4.2668,-2.8449,-3.1378,-5.6244,-2.8056,-6.6021,-4.3161,-6.1498,-5.3609,-3.2910,-2.7754,-3.5826,-3.9324,-4.7973,-1.2425
186,C,Q,F,186,7.3417,-4.6182,-2.6348,-5.8309,-8.2518,-1.2078,-6.8769,-4.5527,-3.7961,-6.2058,-1.7236,-6.2125,-4.8315,-6.8332,-5.7507,-4.7022,-3.2084,-3.8106,-2.4224,-4.8756,-1.5157
187,C,D,D,187,6.4179,-5.2915,-4.2992,-0.7934,-4.6933,-3.8639,-3.2828,-2.3072,-5.1845,-4.7525,-3.7189,-6.8719,-1.9487,-7.6366,-5.3542,-4.6084,-2.0373,-4.8653,-4.9718,-7.0749,-3.9728
188,C,S,L,188,13.1465,-2.8587,-4.7732,-3.9559,-4.1865,-1.9680,-6.0074,-3.1394,-2.6129,-4.5314,-1.9048,-5.6741,-3.7013,-3.1073,-3.1614,-3.3579,-2.1219,-3.9815,-2.1333,-6.4593,-2.6184
189,C,K,D,189,5.6369,-4.1230,-7.9483,-0.6918,-1.7884,-4.3765,-4.0479,-4.4809,-5.2060,-4.8401,-5.5365,-6.7650,-2.7596,-8.8501,-5.8179,-6.1210,-2.5641,-2.6470,-4.9706,-6.9258,-3.4637
190,C,D,H,190,13.9988,-3.7041,-6.2189,-1.9737,-2.6982,-2.7806,-2.9206,-1.9729,-4.9826,-5.2139,-3.6284,-4.6952,-2.3972,-4.4680,-3.2851,-2.2755,-3.5412,-2.4250,-4.1372,-3.7913,-2.7250
191,C,S,R,191,14.3513,-2.4022,-4.6019,-4.0324,-2.9947,-4.0026,-4.8189,-2.1312,-4.2040,-4.1340,-3.0688,-4.1263,-2.4021,-4.2730,-2.4918,-1.7481,-2.6723,-3.6018,-2.6049,-3.7222,-3.2897
192,C,T,T,192,6.0324,-2.7357,-6.6792,-3.1203,-3.0516,-4.8711,-8.2209,-5.1424,-5.6146,-2.9988,-3.2348,-4.4555,-2.4868,-9.4040,-6.3211,-3.6052,-3.0081,-0.6206,-4.9018,-6.7901,-4.1105
193,C,Y,F,193,4.9368,-3.1801,-6.3842,-7.5864,-6.6514,-0.8611,-5.4093,-5.2247,-5.7170,-4.8879,-3.4355,-5.3117,-5.7757,-9.3326,-6.4848,-4.4260,-5.5840,-4.6543,-3.4260,-2.4727,-1.1161
194,C,S,A,194,3.8442,-0.6336,-3.9504,-6.9552,-7.3042,-6.5973,-1.2467,-7.3423,-5.5284,-7.1004,-5.9041,-5.5433,-4.5638,-8.3434,-7.0447,-5.8859,-2.7036,-3.8752,-3.1430,-6.8958,-6.6114
195,C,L,F,195,4.1250,-4.1444,-5.1035,-6.1966,-8.5447,-0.8438,-7.1042,-6.8693,-4.4747,-9.8997,-0.9972,-4.1346,-6.7415,-11.7831,-8.6725,-8.1560,-5.7365,-7.8524,-2.6068,-4.2401,-2.9167
196,C,S,V,196,4.5470,-1.7765,-4.7187,-5.5775,-6.6802,-4.1511,-2.1666,-7.2318,-3.4424,-9.4001,-4.8146,-5.5737,-3.8793,-13.2183,-7.0972,-8.9960,-4.0288,-3.3218,-0.5855,-6.8172,-4.7819
197,C,S,S,197,1.8482,-3.4094,-3.2323,-8.6126,-8.2717,-4.5488,-5.8454,-9.7410,-7.3144,-10.6356,-3.3977,-8.2699,-8.3633,-6.7052,-8.9012,-8.7349,-0.1413,-6.6522,-4.9079,-8.8026,-8.2620
198,C,T,L,198,4.0105,-4.0486,-6.0760,-6.7699,-5.9319,-4.6555,-3.3914,-3.3670,-3.9078,-6.1648,-0.3891,-3.8758,-5.4914,-6.4581,-5.1514,-3.9049,-5.0104,-5.1747,-2.3197,-3.5853,-4.8043
199,C,L,L,199,3.0153,-7.4760,-5.1301,-8.7944,-9.1957,-1.8675,-9.1499,-5.3086,-3.3447,-7.9637,-0.3917,-6.5248,-8.5000,-11.5138,-8.6316,-7.7187,-7.7474,-8.1339,-2.5233,-5.3291,-3.3778
200,C,T,T,200,7.2480,-3.7937,-6.5804,-6.3914,-5.0942,-2.5780,-4.0092,-3.8296,-3.0038,-3.1568,-2.3781,-4.0478,-3.3270,-8.3586,-5.8645,-3.8794,-3.6679,-0.7123,-3.0818,-5.2310,-3.7616
201,C,L,F,201,5.0662,-6.9045,-6.8440,-9.9995,-9.0585,-1.0754,-5.9517,-9.2975,-1.7729,-7.8342,-1.7862,-2.9672,-9.0305,-10.9495,-9.8056,-6.4471,-7.8909,-4.2762,-1.4320,-5.9298,-4.9439
202,C,S,T,202,5.5887,-3.4308,-8.2840,-5.5230,-5.2467,-6.7687,-3.4916,-6.0833,-6.1849,-2.4550,-3.6518,-6.6822,-3.9442,-4.7271,-4.2796,-2.9081,-1.0653,-1.0142,-5.8370,-7.4086,-6.4033
203,C,K,S,203,6.7601,-3.1419,-6.8639,-5.5293,-4.0053,-7.5137,-3.3057,-4.8369,-4.5467,-4.5452,-4.2411,-7.5131,-3.8273,-2.2867,-3.8990,-2.2115,-0.7181,-2.9280,-3.1007,-5.3315,-4.8224
204,C,A,V,204,5.8568,-2.5131,-8.0423,-1.2419,-2.6484,-4.0780,-3.4475,-6.6667,-4.4171,-5.9909,-2.4788,-6.5851,-5.0381,-5.4947,-6.3803,-6.6738,-4.5355,-5.2496,-0.9788,-6.6481,-5.9354
205,C,D,E,205,5.3066,-3.9567,-7.6251,-2.9756,-0.6207,-5.8776,-4.5261,-5.4415,-5.6948,-2.9837,-4.2356,-6.2842,-4.6739,-6.4755,-1.7026,-3.4352,-3.5788,-4.3428,-3.4375,-6.3280,-5.6886
206,C,Y,F,206,3.2887,-3.0289,-6.5845,-6.0038,-6.4956,-0.4325,-7.0716,-5.8572,-7.3713,-8.8347,-3.2369,-4.7371,-8.0143,-8.3941,-8.6100,-6.9744,-6.2606,-7.1156,-4.9749,-2.8951,-1.7244
207,C,E,D,207,2.9746,-4.0113,-10.1439,-0.4471,-1.3500,-6.5039,-4.5870,-7.8432,-5.7519,-6.3258,-6.5640,-6.3511,-4.1935,-7.4020,-7.0717,-7.2181,-6.6239,-4.6071,-3.6218,-6.4268,-5.1196
208,C,K,E,208,9.8077,-3.4049,-6.3160,-2.0555,-1.5673,-7.2525,-5.9003,-4.9926,-4.8482,-2.4614,-4.0148,-4.3249,-1.5949,-7.8723,-2.6664,-3.1956,-2.9958,-2.3319,-3.4431,-7.9108,-7.6463
209,C,H,F,209,6.5075,-2.7646,-6.2669,-4.2783,-2.8128,-0.7184,-4.1237,-3.8523,-3.7829,-7.6541,-1.8988,-4.4288,-5.0871,-6.8210,-4.8999,-5.2740,-4.9922,-4.7605,-2.9185,-4.7119,-2.9343
210,C,K,E,210,7.4933,-2.7576,-6.0758,-2.4970,-0.7624,-5.3904,-2.6335,-6.1126,-3.6732,-3.5986,-3.8051,-6.2582,-4.6638,-2.7688,-4.0741,-4.6759,-3.2296,-3.5581,-2.8075,-6.1616,-7.0833
211,C,V,V,211,9.3912,-3.6794,-6.2887,-3.3955,-3.4887,-2.2659,-5.4713,-4.0075,-2.0112,-4.3895,-2.9851,-5.6221,-3.7824,-9.4095,-4.6412,-4.5713,-4.4797,-2.3756,-1.1788,-5.8982,-2.0811
212,C,Y,F,212,3.1838,-5.0474,-7.2393,-7.7521,-8.2887,-0.4264,-5.2327,-6.9234,-4.3058,-8.3859,-1.7986,-4.9196,-7.9525,-8.8623,-9.2357,-7.6152,-6.4199,-7.7112,-3.1168,-5.3851,-2.3599
213,C,A,Y,213,8.1106,-2.9474,-4.6372,-8.7208,-6.1649,-1.9856,-4.0306,-3.1097,-4.6047,-3.9380,-4.2103,-6.0053,-4.6368,-9.2905,-5.2401,-2.8660,-1.8088,-2.5090,-4.1257,-5.3781,-1.0466
214,C,C,C,214,1.6321,-3.9265,-0.0925,-8.0620,-8.1619,-5.2081,-4.5844,-7.3236,-6.9854,-9.5279,-5.3166,-6.5684,-7.5961,-8.6130,-7.9655,-8.6284,-5.9927,-5.3953,-4.4459,-3.8368,-5.8643
215,C,E,K,215,12.8168,-2.5980,-5.1576,-5.9127,-2.4325,-3.6105,-3.4406,-3.9967,-3.4620,-1.7018,-4.3617,-6.0049,-4.5557,-9.1345,-2.3881,-2.1178,-2.3213,-2.4111,-2.8342,-3.5856,-3.6555
216,C,V,L,216,5.1943,-4.7396,-4.6558,-8.4679,-7.1686,-3.0379,-5.9976,-4.2094,-2.2511,-8.7734,-0.7667,-4.4085,-6.1669,-9.1548,-3.0348,-6.1552,-3.3763,-5.2856,-1.4386,-6.4090,-5.8815
217,C,T,W,217,3.8771,-6.0460,-7.2418,-5.7762,-4.4596,-1.3262,-7.5345,-3.6823,-5.5259,-5.0093,-4.2415,-6.7850,-5.3785,-10.3198,-5.6557,-5.5415,-4.7510,-5.3328,-4.9315,-0.5885,-2.5642
218,C,H,S,218,7.1297,-2.9993,-4.8014,-2.2384,-5.7732,-5.7974,-2.6416,-1.5417,-7.8383,-6.9928,-2.8231,-5.5399,-3.6631,-8.9663,-4.0634,-3.9357,-0.9917,-4.8062,-6.2328,-7.1268,-3.3566
219,C,Q,S,219,6.0079,-3.4796,-5.8046,-5.3536,-6.2624,-5.7802,-3.1946,-7.4468,-2.4821,-6.1356,-3.6308,-4.7199,-3.8484,-3.1737,-4.9476,-3.5282,-0.7382,-1.6337,-4.0804,-6.6295,-5.9154
220,C,G,G,220,3.2940,-5.6276,-7.3270,-6.0312,-7.7896,-3.1127,-0.3615,-4.8044,-6.6639,-7.5692,-5.0455,-7.5283,-3.3144,-8.1181,-7.5075,-3.9866,-2.8043,-4.6147,-7.2735,-6.3619,-2.2423
221,C,L,L,221,1.7664,-5.4634,-5.9031,-9.3309,-9.0292,-4.1292,-8.3605,-8.0863,-3.0044,-9.2056,-0.1222,-4.5171,-6.4186,-9.7020,-8.4290,-6.5490,-4.2169,-5.6149,-4.7949,-9.1016,-7.5638
222,C,S,T,222,10.3686,-4.4126,-8.8907,-3.8931,-4.2908,-4.2330,-5.2829,-5.2634,-2.0450,-3.1592,-2.9349,-5.2712,-2.0630,-3.5827,-4.5522,-2.7361,-1.7354,-1.4531,-3.4880,-5.8049,-3.6963
223,C,S,Y,223,14.3904,-2.7772,-6.8243,-3.1529,-2.6411,-3.4352,-4.3459,-3.3209,-3.3243,-3.3732,-3.6674,-4.7527,-2.2524,-6.8489,-3.7210,-2.2516,-3.4785,-2.0301,-2.4831,-3.7871,-2.0177
224,C,P,P,224,3.8715,-1.4667,-6.3648,-7.6718,-7.6976,-4.5964,-3.0760,-6.8531,-7.5916,-7.2298,-5.0339,-7.4015,-7.4034,-0.5312,-7.2783,-4.2226,-3.4893,-3.7041,-4.4454,-3.7438,-5.0188
225,C,V,G,225,11.2560,-2.5022,-4.5470,-5.5370,-5.7488,-2.0055,-1.4220,-4.8344,-3.6964,-5.3397,-3.7778,-5.9235,-4.1338,-2.1804,-5.4632,-3.6210,-3.0268,-2.6865,-3.3472,-3.0810,-2.2658
226,C,T,F,226,2.6867,-4.3386,-5.8481,-7.7467,-7.6124,-0.2319,-5.3731,-6.5828,-5.0843,-6.5550,-4.0276,-6.3979,-7.0322,-8.8815,-6.6705,-4.0211,-2.9612,-3.7673,-3.7861,-4.3047,-3.6608
227,C,K,F,227,3.3940,-3.6752,-5.1079,-7.5623,-6.8068,-0.3998,-5.3021,-6.0678,-5.5646,-5.8823,-4.3454,-4.4734,-6.2473,-9.8687,-6.8699,-5.0915,-4.3906,-3.9738,-1.7345,-5.3433,-3.3077
228,C,S,L,228,9.6110,-2.5311,-5.3986,-5.2148,-4.8716,-2.5342,-1.5776,-4.2916,-4.1714,-5.9304,-1.2523,-4.5366,-5.6823,-3.9070,-4.1857,-3.4385,-3.5942,-4.3147,-2.2183,-3.5635,-3.2217
229,C,F,V,229,6.9414,-2.4111,-5.7387,-8.0204,-6.2906,-2.8400,-1.6703,-6.3111,-1.8042,-7.5811,-2.6989,-5.3667,-7.8636,-7.3159,-6.0087,-5.6701,-3.3961,-3.3466,-1.0956,-6.0501,-4.9579
230,C,N,S,230,5.2426,-3.3098,-6.0357,-2.0928,-4.8269,-6.6175,-2.5620,-6.5388,-4.1558,-4.4783,-4.7826,-6.9891,-3.3904,-5.9387,-5.7464,-4.8214,-0.6006,-2.4081,-3.7605,-6.2242,-6.1405
231,C,R,R,231,8.9891,-3.1346,-5.5388,-8.8952,-7.6692,-1.4470,-4.2273,-7.2859,-3.4705,-3.8090,-2.6208,-4.4324,-6.3803,-4.5139,-4.7602,-1.4160,-2.3120,-2.2702,-2.5486,-4.0934,-6.0340
232,C,G,S,232,11.7633,-2.4582,-7.1439,-4.8442,-4.2944,-2.1124,-3.7685,-6.1078,-3.2985,-2.2027,-1.8491,-3.6811,-3.9554,-8.3511,-4.9433,-3.0710,-1.7628,-2.3975,-2.9277,-4.6889,-4.0331
233,C,E,S,233,14.1865,-2.0206,-4.6997,-3.5620,-3.0620,-3.8771,-3.0200,-3.3105,-3.1396,-3.9096,-3.3716,-5.1914,-2.1693,-4.0328,-2.8579,-2.8675,-1.6385,-2.9195,-2.9164,-4.6753,-4.1356
234,C,C,S,234,7.3312,-3.3090,-5.0935,-4.8584,-4.8538,-2.2194,-4.2948,-5.0696,-3.3248,-6.2309,-2.9535,-4.7352,-4.3471,-8.4414,-5.9971,-5.7754,-0.8537,-1.9438,-2.9981,-4.8021,-2.6822
