AA,Alpha
M,0.0228959055094
G,0.0239123987267
P,0.024846134882
P,0.0203234367655
S,0.0170400151255
A,0.0149679562892
S,0.0138649641594
P,0.0123899208265
H,0.0112105459921
R,0.0117973641027
E,0.0135804124875
C,0.0156853182125
I,0.0176596674137
P,0.0220158727025
W,0.0258801289019
Q,0.0305837854394
G,0.0394574220409
L,0.0446492199553
L,0.0451714110677
L,0.0399064376252
T,0.0353190510068
A,0.0305104827275
S,0.0270353475935
L,0.0233068165253
L,0.0173678720312
N,0.0125687253312
F,0.00986212142743
W,0.00842591322726
N,0.00631821734714
P,0.0057197979695
P,0.00523433936178
T,0.00570980968405
T,0.00644009454118
A,0.0071708237665
K,0.0073913391243
L,0.0065232408233
T,0.00563399372913
I,0.00493629363336
E,0.0043462398462
S,0.00381028574338
T,0.00318778142173
P,0.00272228279209
F,0.00228847774633
N,0.00222767050946
V,0.00229954120914
A,0.00241005424141
E,0.00287836738062
G,0.00371821940462
K,0.00388928584471
E,0.00393713509038
V,0.00404116460777
L,0.00420832761665
L,0.00369578312166
L,0.00302422730238
V,0.00252273976184
H,0.00220778942276
N,0.00200625915204
L,0.00191688983432
P,0.00183112162449
Q,0.00211948363176
H,0.00254783504897
L,0.00294000891881
F,0.00384173899147
G,0.00385276478846
Y,0.00387398265229
S,0.00376081797731
W,0.00380579469493
Y,0.00364110813462
K,0.00366044926523
G,0.00313075015038
E,0.00260540372255
R,0.00208221634603
V,0.00182659331404
D,0.002046099371
G,0.0021108928504
N,0.00234472261945
S,0.00253303596583
L,0.00259299686877
I,0.00271951989998
V,0.00302142454166
G,0.00333168102952
Y,0.00351290118851
V,0.00315420507104
I,0.00276554258016
G,0.00240050545472
T,0.00217477528349
Q,0.00192540717399
Q,0.0021041532309
A,0.00222905621195
T,0.0022911724318
P,0.00236049677005
G,0.0021762910601
A,0.00196058700385
A,0.00187666499369
Y,0.00168745909832
S,0.00168447338183
G,0.0020116479991
R,0.00220593826361
E,0.00193319832761
T,0.00168746343479
I,0.00150734452018
Y,0.00153825636971
T,0.00190261289481
N,0.00235692549541
A,0.00265676986601
S,0.00294405427121
L,0.00305032581673
L,0.00346823746077
I,0.00341890613709
H,0.00338426908638
N,0.0025112612293
V,0.00209652735066
T,0.00209293633452
Q,0.00220233730943
N,0.00239307549782
D,0.00241777476549
I,0.00256089783943
G,0.00294576840861
F,0.00281551405351
Y,0.00301475191009
T,0.00354297955346
L,0.00324769318831
Q,0.00269263252994
V,0.00249554858237
I,0.0024581827056
K,0.00252604890011
S,0.00246416719528
D,0.00244572887459
L,0.00251797261808
V,0.00263435843226
N,0.00280574689532
E,0.00329080990196
E,0.00406716811995
A,0.00527463115577
T,0.00595061765489
G,0.00678772288666
Q,0.00678625942965
F,0.00677865884063
H,0.0061428992085
V,0.00523435719515
Y,0.00556376882378
